"filename", "language", "C++", "Python", "BibTeX", "LaTeX", "Log", "Markdown", "CUDA C++", "Typst", "XML", "HTML", "comment", "blank", "total"
"/home/lagranzhai/ojexercise/P_4933_大师.cpp", "C++", 0, 0, 0, 0, 0, 0, 0, 0, 0, 0, 0, 1, 1
"/home/lagranzhai/ojexercise/README.md", "Markdown", 0, 0, 0, 0, 0, 1, 0, 0, 0, 0, 0, 1, 2
"/home/lagranzhai/ojexercise/b-blx.bib", "BibTeX", 0, 0, 10, 0, 0, 0, 0, 0, 0, 0, 0, 2, 12
"/home/lagranzhai/ojexercise/b.run.xml", "XML", 0, 0, 0, 0, 0, 0, 0, 0, 89, 0, 3, 1, 93
"/home/lagranzhai/ojexercise/b.tex", "LaTeX", 0, 0, 0, 482, 0, 0, 0, 0, 0, 0, 8, 243, 733
"/home/lagranzhai/ojexercise/bst.cpp", "C++", 63, 0, 0, 0, 0, 0, 0, 0, 0, 0, 3, 5, 71
"/home/lagranzhai/ojexercise/cdqz.cpp", "C++", 118, 0, 0, 0, 0, 0, 0, 0, 0, 0, 2, 0, 120
"/home/lagranzhai/ojexercise/cf/1076D.cpp", "C++", 86, 0, 0, 0, 0, 0, 0, 0, 0, 0, 0, 0, 86
"/home/lagranzhai/ojexercise/cf/1172B.cpp", "C++", 81, 0, 0, 0, 0, 0, 0, 0, 0, 0, 1, 1, 83
"/home/lagranzhai/ojexercise/cf/1236B.cpp", "C++", 52, 0, 0, 0, 0, 0, 0, 0, 0, 0, 1, 1, 54
"/home/lagranzhai/ojexercise/cf/149D.cpp", "C++", 91, 0, 0, 0, 0, 0, 0, 0, 0, 0, 1, 1, 93
"/home/lagranzhai/ojexercise/cf/1702A.cpp", "C++", 62, 0, 0, 0, 0, 0, 0, 0, 0, 0, 0, 1, 63
"/home/lagranzhai/ojexercise/cf/1804A.cpp", "C++", 23, 0, 0, 0, 0, 0, 0, 0, 0, 0, 5, 1, 29
"/home/lagranzhai/ojexercise/cf/222E.cpp", "C++", 77, 0, 0, 0, 0, 0, 0, 0, 0, 0, 1, 0, 78
"/home/lagranzhai/ojexercise/cf/311B.cpp", "C++", 61, 0, 0, 0, 0, 0, 0, 0, 0, 0, 0, 0, 61
"/home/lagranzhai/ojexercise/cf/343D.cpp", "C++", 144, 0, 0, 0, 0, 0, 0, 0, 0, 0, 0, 0, 144
"/home/lagranzhai/ojexercise/cf/383C.cpp", "C++", 126, 0, 0, 0, 0, 0, 0, 0, 0, 0, 0, 0, 126
"/home/lagranzhai/ojexercise/cf/431E.cpp", "C++", 72, 0, 0, 0, 0, 0, 0, 0, 0, 0, 2, 1, 75
"/home/lagranzhai/ojexercise/cf/438D.cpp", "C++", 158, 0, 0, 0, 0, 0, 0, 0, 0, 0, 1, 2, 161
"/home/lagranzhai/ojexercise/cf/446C.cpp", "C++", 141, 0, 0, 0, 0, 0, 0, 0, 0, 0, 4, 0, 145
"/home/lagranzhai/ojexercise/cf/609E.cpp", "C++", 148, 0, 0, 0, 0, 0, 0, 0, 0, 0, 0, 0, 148
"/home/lagranzhai/ojexercise/cf/786B.cpp", "C++", 105, 0, 0, 0, 0, 0, 0, 0, 0, 0, 3, 0, 108
"/home/lagranzhai/ojexercise/cf/CF293E.cpp", "C++", 154, 0, 0, 0, 0, 0, 0, 0, 0, 0, 16, 2, 172
"/home/lagranzhai/ojexercise/contest.cpp", "C++", 24, 0, 0, 0, 0, 0, 0, 0, 0, 0, 0, 0, 24
"/home/lagranzhai/ojexercise/down_with_password/npc/npc.cpp", "C++", 53, 0, 0, 0, 0, 0, 0, 0, 0, 0, 0, 1, 54
"/home/lagranzhai/ojexercise/down_with_password/plant/plant.cpp", "C++", 97, 0, 0, 0, 0, 0, 0, 0, 0, 0, 10, 0, 107
"/home/lagranzhai/ojexercise/down_with_password/woof/checker.cpp", "C++", 2727, 0, 0, 0, 0, 0, 0, 0, 0, 0, 275, 540, 3542
"/home/lagranzhai/ojexercise/down_with_password/woof/woof.cpp", "C++", 36, 0, 0, 0, 0, 0, 0, 0, 0, 0, 0, 0, 36
"/home/lagranzhai/ojexercise/latex/slide1.log", "Log", 0, 0, 0, 0, 946, 0, 0, 0, 0, 0, 0, 44, 990
"/home/lagranzhai/ojexercise/latex/slide1.tex", "LaTeX", 0, 0, 0, 74, 0, 0, 0, 0, 0, 0, 43, 35, 152
"/home/lagranzhai/ojexercise/lecture/segment231101/hanhan.cpp", "C++", 100, 0, 0, 0, 0, 0, 0, 0, 0, 0, 0, 0, 100
"/home/lagranzhai/ojexercise/lecture/segment231101/hanhan2.cpp", "C++", 98, 0, 0, 0, 0, 0, 0, 0, 0, 0, 2, 0, 100
"/home/lagranzhai/ojexercise/lecture/tjyz/alg/content.typ", "Typst", 0, 0, 0, 0, 0, 0, 0, 5, 0, 0, 0, 3, 8
"/home/lagranzhai/ojexercise/luogu/1002.cpp", "C++", 56, 0, 0, 0, 0, 0, 0, 0, 0, 0, 0, 3, 59
"/home/lagranzhai/ojexercise/luogu/1004.cpp", "C++", 47, 0, 0, 0, 0, 0, 0, 0, 0, 0, 1, 1, 49
"/home/lagranzhai/ojexercise/luogu/1005.cpp", "C++", 36, 0, 0, 0, 0, 0, 0, 0, 0, 0, 0, 0, 36
"/home/lagranzhai/ojexercise/luogu/1006.cpp", "C++", 47, 0, 0, 0, 0, 0, 0, 0, 0, 0, 1, 1, 49
"/home/lagranzhai/ojexercise/luogu/1020.cpp", "C++", 54, 0, 0, 0, 0, 0, 0, 0, 0, 0, 3, 3, 60
"/home/lagranzhai/ojexercise/luogu/1026.cpp", "C++", 69, 0, 0, 0, 0, 0, 0, 0, 0, 0, 1, 1, 71
"/home/lagranzhai/ojexercise/luogu/1048.cpp", "C++", 21, 0, 0, 0, 0, 0, 0, 0, 0, 0, 0, 1, 22
"/home/lagranzhai/ojexercise/luogu/1064.cpp", "C++", 44, 0, 0, 0, 0, 0, 0, 0, 0, 0, 0, 0, 44
"/home/lagranzhai/ojexercise/luogu/1070.cpp", "C++", 58, 0, 0, 0, 0, 0, 0, 0, 0, 0, 25, 1, 84
"/home/lagranzhai/ojexercise/luogu/1082.cpp", "C++", 26, 0, 0, 0, 0, 0, 0, 0, 0, 0, 0, 0, 26
"/home/lagranzhai/ojexercise/luogu/1110.cpp", "C++", 207, 0, 0, 0, 0, 0, 0, 0, 0, 0, 2, 0, 209
"/home/lagranzhai/ojexercise/luogu/1110t1.cpp", "C++", 36, 0, 0, 0, 0, 0, 0, 0, 0, 0, 0, 2, 38
"/home/lagranzhai/ojexercise/luogu/1110t4.cpp", "C++", 45, 0, 0, 0, 0, 0, 0, 0, 0, 0, 0, 1, 46
"/home/lagranzhai/ojexercise/luogu/1113.cpp", "C++", 56, 0, 0, 0, 0, 0, 0, 0, 0, 0, 0, 2, 58
"/home/lagranzhai/ojexercise/luogu/1155.cpp", "C++", 128, 0, 0, 0, 0, 0, 0, 0, 0, 0, 2, 1, 131
"/home/lagranzhai/ojexercise/luogu/1197.cpp", "C++", 104, 0, 0, 0, 0, 0, 0, 0, 0, 0, 1, 2, 107
"/home/lagranzhai/ojexercise/luogu/1198.cpp", "C++", 66, 0, 0, 0, 0, 0, 0, 0, 0, 0, 7, 1, 74
"/home/lagranzhai/ojexercise/luogu/1215t5.cpp", "C++", 183, 0, 0, 0, 0, 0, 0, 0, 0, 0, 23, 0, 206
"/home/lagranzhai/ojexercise/luogu/1216.cpp", "C++", 24, 0, 0, 0, 0, 0, 0, 0, 0, 0, 0, 1, 25
"/home/lagranzhai/ojexercise/luogu/1220.cpp", "C++", 26, 0, 0, 0, 0, 0, 0, 0, 0, 0, 0, 0, 26
"/home/lagranzhai/ojexercise/luogu/1280.cpp", "C++", 30, 0, 0, 0, 0, 0, 0, 0, 0, 0, 2, 1, 33
"/home/lagranzhai/ojexercise/luogu/1311.cpp", "C++", 63, 0, 0, 0, 0, 0, 0, 0, 0, 0, 1, 1, 65
"/home/lagranzhai/ojexercise/luogu/1314.cpp", "C++", 90, 0, 0, 0, 0, 0, 0, 0, 0, 0, 1, 1, 92
"/home/lagranzhai/ojexercise/luogu/1349.cpp", "C++", 75, 0, 0, 0, 0, 0, 0, 0, 0, 0, 3, 1, 79
"/home/lagranzhai/ojexercise/luogu/1360.cpp", "C++", 48, 0, 0, 0, 0, 0, 0, 0, 0, 0, 0, 1, 49
"/home/lagranzhai/ojexercise/luogu/1361.cpp", "C++", 103, 0, 0, 0, 0, 0, 0, 0, 0, 0, 0, 0, 103
"/home/lagranzhai/ojexercise/luogu/1368.cpp", "C++", 29, 0, 0, 0, 0, 0, 0, 0, 0, 0, 1, 0, 30
"/home/lagranzhai/ojexercise/luogu/1434.cpp", "C++", 73, 0, 0, 0, 0, 0, 0, 0, 0, 0, 12, 2, 87
"/home/lagranzhai/ojexercise/luogu/1435.cpp", "C++", 28, 0, 0, 0, 0, 0, 0, 0, 0, 0, 2, 2, 32
"/home/lagranzhai/ojexercise/luogu/1439.cpp", "C++", 30, 0, 0, 0, 0, 0, 0, 0, 0, 0, 20, 2, 52
"/home/lagranzhai/ojexercise/luogu/1462.cpp", "C++", 33, 0, 0, 0, 0, 0, 0, 0, 0, 0, 0, 2, 35
"/home/lagranzhai/ojexercise/luogu/1471.cpp", "C++", 105, 0, 0, 0, 0, 0, 0, 0, 0, 0, 3, 1, 109
"/home/lagranzhai/ojexercise/luogu/1481.cpp", "C++", 46, 0, 0, 0, 0, 0, 0, 0, 0, 0, 3, 2, 51
"/home/lagranzhai/ojexercise/luogu/1486.cpp", "C++", 126, 0, 0, 0, 0, 0, 0, 0, 0, 0, 1, 0, 127
"/home/lagranzhai/ojexercise/luogu/1501.cpp", "C++", 145, 0, 0, 0, 0, 0, 0, 0, 0, 0, 4, 1, 150
"/home/lagranzhai/ojexercise/luogu/1516.cpp", "C++", 34, 0, 0, 0, 0, 0, 0, 0, 0, 0, 0, 0, 34
"/home/lagranzhai/ojexercise/luogu/1525.cpp", "C++", 49, 0, 0, 0, 0, 0, 0, 0, 0, 0, 2, 0, 51
"/home/lagranzhai/ojexercise/luogu/1533.cpp", "C++", 47, 0, 0, 0, 0, 0, 0, 0, 0, 0, 7, 1, 55
"/home/lagranzhai/ojexercise/luogu/1550.cpp", "C++", 51, 0, 0, 0, 0, 0, 0, 0, 0, 0, 1, 1, 53
"/home/lagranzhai/ojexercise/luogu/1616.cpp", "C++", 18, 0, 0, 0, 0, 0, 0, 0, 0, 0, 0, 1, 19
"/home/lagranzhai/ojexercise/luogu/1631.cpp", "C++", 28, 0, 0, 0, 0, 0, 0, 0, 0, 0, 0, 1, 29
"/home/lagranzhai/ojexercise/luogu/1638.cpp", "C++", 67, 0, 0, 0, 0, 0, 0, 0, 0, 0, 1, 1, 69
"/home/lagranzhai/ojexercise/luogu/1654.cpp", "C++", 22, 0, 0, 0, 0, 0, 0, 0, 0, 0, 0, 0, 22
"/home/lagranzhai/ojexercise/luogu/1654_zlg.py", "Python", 0, 14, 0, 0, 0, 0, 0, 0, 0, 0, 0, 0, 14
"/home/lagranzhai/ojexercise/luogu/1659.cpp", "C++", 66, 0, 0, 0, 0, 0, 0, 0, 0, 0, 8, 2, 76
"/home/lagranzhai/ojexercise/luogu/1712.cpp", "C++", 103, 0, 0, 0, 0, 0, 0, 0, 0, 0, 0, 0, 103
"/home/lagranzhai/ojexercise/luogu/1758.cpp", "C++", 36, 0, 0, 0, 0, 0, 0, 0, 0, 0, 1, 0, 37
"/home/lagranzhai/ojexercise/luogu/1776.cpp", "C++", 64, 0, 0, 0, 0, 0, 0, 0, 0, 0, 1, 1, 66
"/home/lagranzhai/ojexercise/luogu/1802.cpp", "C++", 21, 0, 0, 0, 0, 0, 0, 0, 0, 0, 0, 1, 22
"/home/lagranzhai/ojexercise/luogu/1865.cpp", "C++", 66, 0, 0, 0, 0, 0, 0, 0, 0, 0, 1, 1, 68
"/home/lagranzhai/ojexercise/luogu/1886.cpp", "C++", 28, 0, 0, 0, 0, 0, 0, 0, 0, 0, 0, 1, 29
"/home/lagranzhai/ojexercise/luogu/1908.cpp", "C++", 54, 0, 0, 0, 0, 0, 0, 0, 0, 0, 2, 1, 57
"/home/lagranzhai/ojexercise/luogu/1944.cpp", "C++", 35, 0, 0, 0, 0, 0, 0, 0, 0, 0, 1, 1, 37
"/home/lagranzhai/ojexercise/luogu/1948.cpp", "C++", 69, 0, 0, 0, 0, 0, 0, 0, 0, 0, 0, 1, 70
"/home/lagranzhai/ojexercise/luogu/1966.cpp", "C++", 65, 0, 0, 0, 0, 0, 0, 0, 0, 0, 4, 0, 69
"/home/lagranzhai/ojexercise/luogu/1967.cpp", "C++", 151, 0, 0, 0, 0, 0, 0, 0, 0, 0, 0, 0, 151
"/home/lagranzhai/ojexercise/luogu/1972.cpp", "C++", 59, 0, 0, 0, 0, 0, 0, 0, 0, 0, 5, 1, 65
"/home/lagranzhai/ojexercise/luogu/1983.cpp", "C++", 125, 0, 0, 0, 0, 0, 0, 0, 0, 0, 3, 0, 128
"/home/lagranzhai/ojexercise/luogu/2002.cpp", "C++", 75, 0, 0, 0, 0, 0, 0, 0, 0, 0, 3, 0, 78
"/home/lagranzhai/ojexercise/luogu/2024.cpp", "C++", 68, 0, 0, 0, 0, 0, 0, 0, 0, 0, 77, 5, 150
"/home/lagranzhai/ojexercise/luogu/2042.cpp", "C++", 8, 0, 0, 0, 0, 0, 0, 0, 0, 0, 0, 0, 8
"/home/lagranzhai/ojexercise/luogu/2048.cpp", "C++", 78, 0, 0, 0, 0, 0, 0, 0, 0, 0, 48, 1, 127
"/home/lagranzhai/ojexercise/luogu/2051.cpp", "C++", 68, 0, 0, 0, 0, 0, 0, 0, 0, 0, 1, 1, 70
"/home/lagranzhai/ojexercise/luogu/2151.cpp", "C++", 88, 0, 0, 0, 0, 0, 0, 0, 0, 0, 22, 1, 111
"/home/lagranzhai/ojexercise/luogu/2158.cpp", "C++", 41, 0, 0, 0, 0, 0, 0, 0, 0, 0, 3, 0, 44
"/home/lagranzhai/ojexercise/luogu/2173.cpp", "C++", 192, 0, 0, 0, 0, 0, 0, 0, 0, 0, 1, 0, 193
"/home/lagranzhai/ojexercise/luogu/2196.cpp", "C++", 48, 0, 0, 0, 0, 0, 0, 0, 0, 0, 24, 3, 75
"/home/lagranzhai/ojexercise/luogu/2279.cpp", "C++", 67, 0, 0, 0, 0, 0, 0, 0, 0, 0, 4, 0, 71
"/home/lagranzhai/ojexercise/luogu/2280.cpp", "C++", 72, 0, 0, 0, 0, 0, 0, 0, 0, 0, 1, 1, 74
"/home/lagranzhai/ojexercise/luogu/2290.py", "Python", 0, 19, 0, 0, 0, 0, 0, 0, 0, 0, 0, 2, 21
"/home/lagranzhai/ojexercise/luogu/2341.cpp", "C++", 84, 0, 0, 0, 0, 0, 0, 0, 0, 0, 1, 0, 85
"/home/lagranzhai/ojexercise/luogu/2365.cpp", "C++", 45, 0, 0, 0, 0, 0, 0, 0, 0, 0, 1, 0, 46
"/home/lagranzhai/ojexercise/luogu/2375.cpp", "C++", 1, 0, 0, 0, 0, 0, 0, 0, 0, 0, 0, 0, 1
"/home/lagranzhai/ojexercise/luogu/2375_1.cpp", "C++", 40, 0, 0, 0, 0, 0, 0, 0, 0, 0, 1, 1, 42
"/home/lagranzhai/ojexercise/luogu/2387.cpp", "C++", 135, 0, 0, 0, 0, 0, 0, 0, 0, 0, 2, 1, 138
"/home/lagranzhai/ojexercise/luogu/2408.cpp", "C++", 63, 0, 0, 0, 0, 0, 0, 0, 0, 0, 1, 1, 65
"/home/lagranzhai/ojexercise/luogu/2414.cpp", "C++", 90, 0, 0, 0, 0, 0, 0, 0, 0, 0, 1, 3, 94
"/home/lagranzhai/ojexercise/luogu/2466.cpp", "C++", 45, 0, 0, 0, 0, 0, 0, 0, 0, 0, 1, 0, 46
"/home/lagranzhai/ojexercise/luogu/2471.cpp", "C++", 152, 0, 0, 0, 0, 0, 0, 0, 0, 0, 10, 1, 163
"/home/lagranzhai/ojexercise/luogu/2516.cpp", "C++", 68, 0, 0, 0, 0, 0, 0, 0, 0, 0, 1, 1, 70
"/home/lagranzhai/ojexercise/luogu/2519.cpp", "C++", 167, 0, 0, 0, 0, 0, 0, 0, 0, 0, 12, 4, 183
"/home/lagranzhai/ojexercise/luogu/2522.cpp", "C++", 54, 0, 0, 0, 0, 0, 0, 0, 0, 0, 2, 0, 56
"/home/lagranzhai/ojexercise/luogu/2569.cpp", "C++", 72, 0, 0, 0, 0, 0, 0, 0, 0, 0, 1, 1, 74
"/home/lagranzhai/ojexercise/luogu/2602.cpp", "C++", 10, 0, 0, 0, 0, 0, 0, 0, 0, 0, 0, 1, 11
"/home/lagranzhai/ojexercise/luogu/2606.cpp", "C++", 47, 0, 0, 0, 0, 0, 0, 0, 0, 0, 3, 1, 51
"/home/lagranzhai/ojexercise/luogu/2607.cpp", "C++", 102, 0, 0, 0, 0, 0, 0, 0, 0, 0, 1, 0, 103
"/home/lagranzhai/ojexercise/luogu/2613.py", "Python", 0, 15, 0, 0, 0, 0, 0, 0, 0, 0, 0, 1, 16
"/home/lagranzhai/ojexercise/luogu/2685.cpp", "C++", 210, 0, 0, 0, 0, 0, 0, 0, 0, 0, 6, 0, 216
"/home/lagranzhai/ojexercise/luogu/2700.cpp", "C++", 86, 0, 0, 0, 0, 0, 0, 0, 0, 0, 1, 0, 87
"/home/lagranzhai/ojexercise/luogu/2740.cpp", "C++", 73, 0, 0, 0, 0, 0, 0, 0, 0, 0, 1, 0, 74
"/home/lagranzhai/ojexercise/luogu/2758.cpp", "C++", 40, 0, 0, 0, 0, 0, 0, 0, 0, 0, 0, 2, 42
"/home/lagranzhai/ojexercise/luogu/2812.cpp", "C++", 78, 0, 0, 0, 0, 0, 0, 0, 0, 0, 1, 0, 79
"/home/lagranzhai/ojexercise/luogu/2822.cpp", "C++", 33, 0, 0, 0, 0, 0, 0, 0, 0, 0, 0, 0, 33
"/home/lagranzhai/ojexercise/luogu/2824.cpp", "C++", 151, 0, 0, 0, 0, 0, 0, 0, 0, 0, 1, 1, 153
"/home/lagranzhai/ojexercise/luogu/2852.cpp", "C++", 70, 0, 0, 0, 0, 0, 0, 0, 0, 0, 3, 1, 74
"/home/lagranzhai/ojexercise/luogu/2863.cpp", "C++", 61, 0, 0, 0, 0, 0, 0, 0, 0, 0, 0, 0, 61
"/home/lagranzhai/ojexercise/luogu/2889.cpp", "C++", 24, 0, 0, 0, 0, 0, 0, 0, 0, 0, 1, 2, 27
"/home/lagranzhai/ojexercise/luogu/2890.cpp", "C++", 31, 0, 0, 0, 0, 0, 0, 0, 0, 0, 0, 0, 31
"/home/lagranzhai/ojexercise/luogu/2899.cpp", "C++", 55, 0, 0, 0, 0, 0, 0, 0, 0, 0, 8, 1, 64
"/home/lagranzhai/ojexercise/luogu/3128.cpp", "C++", 139, 0, 0, 0, 0, 0, 0, 0, 0, 0, 1, 1, 141
"/home/lagranzhai/ojexercise/luogu/3165.cpp", "C++", 124, 0, 0, 0, 0, 0, 0, 0, 0, 0, 4, 0, 128
"/home/lagranzhai/ojexercise/luogu/3195.cpp", "C++", 42, 0, 0, 0, 0, 0, 0, 0, 0, 0, 0, 0, 42
"/home/lagranzhai/ojexercise/luogu/3197.cpp", "C++", 52, 0, 0, 0, 0, 0, 0, 0, 0, 0, 1, 1, 54
"/home/lagranzhai/ojexercise/luogu/3199.cpp", "C++", 99, 0, 0, 0, 0, 0, 0, 0, 0, 0, 10, 0, 109
"/home/lagranzhai/ojexercise/luogu/3205.cpp", "C++", 55, 0, 0, 0, 0, 0, 0, 0, 0, 0, 1, 1, 57
"/home/lagranzhai/ojexercise/luogu/3223.py", "Python", 0, 14, 0, 0, 0, 0, 0, 0, 0, 0, 0, 0, 14
"/home/lagranzhai/ojexercise/luogu/3243.cpp", "C++", 58, 0, 0, 0, 0, 0, 0, 0, 0, 0, 23, 0, 81
"/home/lagranzhai/ojexercise/luogu/3246.cpp", "C++", 124, 0, 0, 0, 0, 0, 0, 0, 0, 0, 10, 0, 134
"/home/lagranzhai/ojexercise/luogu/3366.cpp", "C++", 40, 0, 0, 0, 0, 0, 0, 0, 0, 0, 1, 1, 42
"/home/lagranzhai/ojexercise/luogu/3366_1.cpp", "C++", 68, 0, 0, 0, 0, 0, 0, 0, 0, 0, 5, 0, 73
"/home/lagranzhai/ojexercise/luogu/3367.cpp", "C++", 62, 0, 0, 0, 0, 0, 0, 0, 0, 0, 0, 7, 69
"/home/lagranzhai/ojexercise/luogu/3369.cpp", "C++", 145, 0, 0, 0, 0, 0, 0, 0, 0, 0, 6, 9, 160
"/home/lagranzhai/ojexercise/luogu/3369_digui.cpp", "C++", 124, 0, 0, 0, 0, 0, 0, 0, 0, 0, 0, 13, 137
"/home/lagranzhai/ojexercise/luogu/3371.cpp", "C++", 53, 0, 0, 0, 0, 0, 0, 0, 0, 0, 0, 1, 54
"/home/lagranzhai/ojexercise/luogu/3372.cpp", "C++", 75, 0, 0, 0, 0, 0, 0, 0, 0, 0, 0, 1, 76
"/home/lagranzhai/ojexercise/luogu/3373.cpp", "C++", 100, 0, 0, 0, 0, 0, 0, 0, 0, 0, 0, 0, 100
"/home/lagranzhai/ojexercise/luogu/3374.cpp", "C++", 52, 0, 0, 0, 0, 0, 0, 0, 0, 0, 0, 1, 53
"/home/lagranzhai/ojexercise/luogu/3375.cpp", "C++", 36, 0, 0, 0, 0, 0, 0, 0, 0, 0, 0, 1, 37
"/home/lagranzhai/ojexercise/luogu/3376.cpp", "C++", 70, 0, 0, 0, 0, 0, 0, 0, 0, 0, 1, 0, 71
"/home/lagranzhai/ojexercise/luogu/3379.cpp", "C++", 63, 0, 0, 0, 0, 0, 0, 0, 0, 0, 0, 0, 63
"/home/lagranzhai/ojexercise/luogu/3383.cpp", "C++", 33, 0, 0, 0, 0, 0, 0, 0, 0, 0, 0, 1, 34
"/home/lagranzhai/ojexercise/luogu/3384.cpp", "C++", 216, 0, 0, 0, 0, 0, 0, 0, 0, 0, 3, 3, 222
"/home/lagranzhai/ojexercise/luogu/3384_digui.cpp", "C++", 216, 0, 0, 0, 0, 0, 0, 0, 0, 0, 3, 5, 224
"/home/lagranzhai/ojexercise/luogu/3385.cpp", "C++", 65, 0, 0, 0, 0, 0, 0, 0, 0, 0, 2, 0, 67
"/home/lagranzhai/ojexercise/luogu/3387.cpp", "C++", 102, 0, 0, 0, 0, 0, 0, 0, 0, 0, 9, 0, 111
"/home/lagranzhai/ojexercise/luogu/3387old.cpp", "C++", 48, 0, 0, 0, 0, 0, 0, 0, 0, 0, 6, 2, 56
"/home/lagranzhai/ojexercise/luogu/3388.cpp", "C++", 64, 0, 0, 0, 0, 0, 0, 0, 0, 0, 0, 0, 64
"/home/lagranzhai/ojexercise/luogu/3389.cpp", "C++", 72, 0, 0, 0, 0, 0, 0, 0, 0, 0, 7, 3, 82
"/home/lagranzhai/ojexercise/luogu/3391.cpp", "C++", 114, 0, 0, 0, 0, 0, 0, 0, 0, 0, 0, 0, 114
"/home/lagranzhai/ojexercise/luogu/3402.cpp", "C++", 120, 0, 0, 0, 0, 0, 0, 0, 0, 0, 2, 0, 122
"/home/lagranzhai/ojexercise/luogu/3467.cpp", "C++", 72, 0, 0, 0, 0, 0, 0, 0, 0, 0, 1, 1, 74
"/home/lagranzhai/ojexercise/luogu/3469.cpp", "C++", 99, 0, 0, 0, 0, 0, 0, 0, 0, 0, 1, 1, 101
"/home/lagranzhai/ojexercise/luogu/3530.cpp", "C++", 101, 0, 0, 0, 0, 0, 0, 0, 0, 0, 3, 0, 104
"/home/lagranzhai/ojexercise/luogu/3565.cpp", "C++", 63, 0, 0, 0, 0, 0, 0, 0, 0, 0, 0, 0, 63
"/home/lagranzhai/ojexercise/luogu/3572.cpp", "C++", 30, 0, 0, 0, 0, 0, 0, 0, 0, 0, 4, 4, 38
"/home/lagranzhai/ojexercise/luogu/3574.cpp", "C++", 56, 0, 0, 0, 0, 0, 0, 0, 0, 0, 1, 0, 57
"/home/lagranzhai/ojexercise/luogu/3627.cpp", "C++", 105, 0, 0, 0, 0, 0, 0, 0, 0, 0, 8, 0, 113
"/home/lagranzhai/ojexercise/luogu/3628.cpp", "C++", 45, 0, 0, 0, 0, 0, 0, 0, 0, 0, 0, 0, 45
"/home/lagranzhai/ojexercise/luogu/3690.cpp", "C++", 116, 0, 0, 0, 0, 0, 0, 0, 0, 0, 2, 0, 118
"/home/lagranzhai/ojexercise/luogu/3690_satt.cpp", "C++", 239, 0, 0, 0, 0, 0, 0, 0, 0, 0, 5, 1, 245
"/home/lagranzhai/ojexercise/luogu/3690_satt_copy.cpp", "C++", 100, 0, 0, 0, 0, 0, 0, 0, 0, 0, 0, 0, 100
"/home/lagranzhai/ojexercise/luogu/3694.cpp", "C++", 42, 0, 0, 0, 0, 0, 0, 0, 0, 0, 0, 0, 42
"/home/lagranzhai/ojexercise/luogu/3703.cpp", "C++", 222, 0, 0, 0, 0, 0, 0, 0, 0, 0, 1, 0, 223
"/home/lagranzhai/ojexercise/luogu/3803.cpp", "C++", 57, 0, 0, 0, 0, 0, 0, 0, 0, 0, 3, 0, 60
"/home/lagranzhai/ojexercise/luogu/3803ntt.cpp", "C++", 66, 0, 0, 0, 0, 0, 0, 0, 0, 0, 3, 0, 69
"/home/lagranzhai/ojexercise/luogu/3805.cpp", "C++", 37, 0, 0, 0, 0, 0, 0, 0, 0, 0, 0, 0, 37
"/home/lagranzhai/ojexercise/luogu/3806.cpp", "C++", 134, 0, 0, 0, 0, 0, 0, 0, 0, 0, 9, 1, 144
"/home/lagranzhai/ojexercise/luogu/3807.cpp", "C++", 44, 0, 0, 0, 0, 0, 0, 0, 0, 0, 3, 1, 48
"/home/lagranzhai/ojexercise/luogu/3809.cpp", "C++", 56, 0, 0, 0, 0, 0, 0, 0, 0, 0, 0, 1, 57
"/home/lagranzhai/ojexercise/luogu/3811.cpp", "C++", 49, 0, 0, 0, 0, 0, 0, 0, 0, 0, 1, 1, 51
"/home/lagranzhai/ojexercise/luogu/3812.cpp", "C++", 40, 0, 0, 0, 0, 0, 0, 0, 0, 0, 0, 0, 40
"/home/lagranzhai/ojexercise/luogu/3850.cpp", "C++", 96, 0, 0, 0, 0, 0, 0, 0, 0, 0, 40, 0, 136
"/home/lagranzhai/ojexercise/luogu/3857.cpp", "C++", 54, 0, 0, 0, 0, 0, 0, 0, 0, 0, 0, 0, 54
"/home/lagranzhai/ojexercise/luogu/3865.cpp", "C++", 44, 0, 0, 0, 0, 0, 0, 0, 0, 0, 2, 1, 47
"/home/lagranzhai/ojexercise/luogu/3868.cpp", "C++", 40, 0, 0, 0, 0, 0, 0, 0, 0, 0, 1, 2, 43
"/home/lagranzhai/ojexercise/luogu/3916.cpp", "C++", 72, 0, 0, 0, 0, 0, 0, 0, 0, 0, 8, 2, 82
"/home/lagranzhai/ojexercise/luogu/3919.cpp", "C++", 66, 0, 0, 0, 0, 0, 0, 0, 0, 0, 1, 0, 67
"/home/lagranzhai/ojexercise/luogu/3950.cpp", "C++", 110, 0, 0, 0, 0, 0, 0, 0, 0, 0, 9, 0, 119
"/home/lagranzhai/ojexercise/luogu/3957.cpp", "C++", 63, 0, 0, 0, 0, 0, 0, 0, 0, 0, 7, 1, 71
"/home/lagranzhai/ojexercise/luogu/3976.cpp", "C++", 145, 0, 0, 0, 0, 0, 0, 0, 0, 0, 2, 0, 147
"/home/lagranzhai/ojexercise/luogu/4017.cpp", "C++", 52, 0, 0, 0, 0, 0, 0, 0, 0, 0, 0, 3, 55
"/home/lagranzhai/ojexercise/luogu/4092.cpp", "C++", 179, 0, 0, 0, 0, 0, 0, 0, 0, 0, 11, 3, 193
"/home/lagranzhai/ojexercise/luogu/4113.cpp", "C++", 92, 0, 0, 0, 0, 0, 0, 0, 0, 0, 12, 0, 104
"/home/lagranzhai/ojexercise/luogu/4145.cpp", "C++", 58, 0, 0, 0, 0, 0, 0, 0, 0, 0, 0, 1, 59
"/home/lagranzhai/ojexercise/luogu/4149.cpp", "C++", 119, 0, 0, 0, 0, 0, 0, 0, 0, 0, 1, 0, 120
"/home/lagranzhai/ojexercise/luogu/4159.cpp", "C++", 70, 0, 0, 0, 0, 0, 0, 0, 0, 0, 18, 1, 89
"/home/lagranzhai/ojexercise/luogu/4170.cpp", "C++", 61, 0, 0, 0, 0, 0, 0, 0, 0, 0, 1, 1, 63
"/home/lagranzhai/ojexercise/luogu/4172.cpp", "C++", 196, 0, 0, 0, 0, 0, 0, 0, 0, 0, 1, 0, 197
"/home/lagranzhai/ojexercise/luogu/4178.cpp", "C++", 143, 0, 0, 0, 0, 0, 0, 0, 0, 0, 2, 0, 145
"/home/lagranzhai/ojexercise/luogu/4198.cpp", "C++", 101, 0, 0, 0, 0, 0, 0, 0, 0, 0, 25, 1, 127
"/home/lagranzhai/ojexercise/luogu/4219.cpp", "C++", 122, 0, 0, 0, 0, 0, 0, 0, 0, 0, 5, 1, 128
"/home/lagranzhai/ojexercise/luogu/4238.cpp", "C++", 88, 0, 0, 0, 0, 0, 0, 0, 0, 0, 2, 0, 90
"/home/lagranzhai/ojexercise/luogu/4281.cpp", "C++", 89, 0, 0, 0, 0, 0, 0, 0, 0, 0, 1, 0, 90
"/home/lagranzhai/ojexercise/luogu/4305.cpp", "C++", 42, 0, 0, 0, 0, 0, 0, 0, 0, 0, 1, 0, 43
"/home/lagranzhai/ojexercise/luogu/4310.cpp", "C++", 39, 0, 0, 0, 0, 0, 0, 0, 0, 0, 0, 0, 39
"/home/lagranzhai/ojexercise/luogu/4314.cpp", "C++", 121, 0, 0, 0, 0, 0, 0, 0, 0, 0, 46, 0, 167
"/home/lagranzhai/ojexercise/luogu/4314std.cpp", "C++", 123, 0, 0, 0, 0, 0, 0, 0, 0, 0, 1, 6, 130
"/home/lagranzhai/ojexercise/luogu/4315.cpp", "C++", 249, 0, 0, 0, 0, 0, 0, 0, 0, 0, 28, 4, 281
"/home/lagranzhai/ojexercise/luogu/4319.cpp", "C++", 229, 0, 0, 0, 0, 0, 0, 0, 0, 0, 19, 0, 248
"/home/lagranzhai/ojexercise/luogu/4319gen.cpp", "C++", 21, 0, 0, 0, 0, 0, 0, 0, 0, 0, 2, 0, 23
"/home/lagranzhai/ojexercise/luogu/4319std.cpp", "C++", 187, 0, 0, 0, 0, 0, 0, 0, 0, 0, 0, 22, 209
"/home/lagranzhai/ojexercise/luogu/4381.cpp", "C++", 113, 0, 0, 0, 0, 0, 0, 0, 0, 0, 13, 0, 126
"/home/lagranzhai/ojexercise/luogu/4391.cpp", "C++", 21, 0, 0, 0, 0, 0, 0, 0, 0, 0, 0, 1, 22
"/home/lagranzhai/ojexercise/luogu/4427.cpp", "C++", 147, 0, 0, 0, 0, 0, 0, 0, 0, 0, 3, 3, 153
"/home/lagranzhai/ojexercise/luogu/4513.cpp", "C++", 110, 0, 0, 0, 0, 0, 0, 0, 0, 0, 1, 0, 111
"/home/lagranzhai/ojexercise/luogu/4514.cpp", "C++", 54, 0, 0, 0, 0, 0, 0, 0, 0, 0, 28, 2, 84
"/home/lagranzhai/ojexercise/luogu/4549.cpp", "C++", 22, 0, 0, 0, 0, 0, 0, 0, 0, 0, 0, 0, 22
"/home/lagranzhai/ojexercise/luogu/4556.cpp", "C++", 64, 0, 0, 0, 0, 0, 0, 0, 0, 0, 0, 1, 65
"/home/lagranzhai/ojexercise/luogu/4588.cpp", "C++", 71, 0, 0, 0, 0, 0, 0, 0, 0, 0, 15, 0, 86
"/home/lagranzhai/ojexercise/luogu/4779.cpp", "C++", 53, 0, 0, 0, 0, 0, 0, 0, 0, 0, 0, 0, 53
"/home/lagranzhai/ojexercise/luogu/4779_new.cpp", "C++", 57, 0, 0, 0, 0, 0, 0, 0, 0, 0, 3, 1, 61
"/home/lagranzhai/ojexercise/luogu/4782.cpp", "C++", 88, 0, 0, 0, 0, 0, 0, 0, 0, 0, 0, 0, 88
"/home/lagranzhai/ojexercise/luogu/4822.cpp", "C++", 102, 0, 0, 0, 0, 0, 0, 0, 0, 0, 1, 1, 104
"/home/lagranzhai/ojexercise/luogu/4870.cpp", "C++", 29, 0, 0, 0, 0, 0, 0, 0, 0, 0, 0, 1, 30
"/home/lagranzhai/ojexercise/luogu/4926.cpp", "C++", 95, 0, 0, 0, 0, 0, 0, 0, 0, 0, 7, 1, 103
"/home/lagranzhai/ojexercise/luogu/4933.cpp", "C++", 29, 0, 0, 0, 0, 0, 0, 0, 0, 0, 0, 0, 29
"/home/lagranzhai/ojexercise/luogu/5017.cpp", "C++", 54, 0, 0, 0, 0, 0, 0, 0, 0, 0, 9, 0, 63
"/home/lagranzhai/ojexercise/luogu/5020.cpp", "C++", 74, 0, 0, 0, 0, 0, 0, 0, 0, 0, 1, 2, 77
"/home/lagranzhai/ojexercise/luogu/5142.cpp", "C++", 109, 0, 0, 0, 0, 0, 0, 0, 0, 0, 2, 1, 112
"/home/lagranzhai/ojexercise/luogu/5142/5142.cpp", "C++", 109, 0, 0, 0, 0, 0, 0, 0, 0, 0, 2, 1, 112
"/home/lagranzhai/ojexercise/luogu/5188.cpp", "C++", 28, 0, 0, 0, 0, 0, 0, 0, 0, 0, 0, 2, 30
"/home/lagranzhai/ojexercise/luogu/5231.cpp", "C++", 133, 0, 0, 0, 0, 0, 0, 0, 0, 0, 8, 2, 143
"/home/lagranzhai/ojexercise/luogu/5322.cpp", "C++", 68, 0, 0, 0, 0, 0, 0, 0, 0, 0, 1, 1, 70
"/home/lagranzhai/ojexercise/luogu/5351.cpp", "C++", 143, 0, 0, 0, 0, 0, 0, 0, 0, 0, 16, 0, 159
"/home/lagranzhai/ojexercise/luogu/5410.cpp", "C++", 42, 0, 0, 0, 0, 0, 0, 0, 0, 0, 0, 1, 43
"/home/lagranzhai/ojexercise/luogu/5431.cpp", "C++", 34, 0, 0, 0, 0, 0, 0, 0, 0, 0, 0, 0, 34
"/home/lagranzhai/ojexercise/luogu/5490.cpp", "C++", 89, 0, 0, 0, 0, 0, 0, 0, 0, 0, 0, 1, 90
"/home/lagranzhai/ojexercise/luogu/5505.cpp", "C++", 51, 0, 0, 0, 0, 0, 0, 0, 0, 0, 0, 0, 51
"/home/lagranzhai/ojexercise/luogu/5564.cpp", "C++", 41, 0, 0, 0, 0, 0, 0, 0, 0, 0, 1, 0, 42
"/home/lagranzhai/ojexercise/luogu/5649.cpp", "C++", 359, 0, 0, 0, 0, 0, 0, 0, 0, 0, 14, 2, 375
"/home/lagranzhai/ojexercise/luogu/5656.cpp", "C++", 89, 0, 0, 0, 0, 0, 0, 0, 0, 0, 2, 1, 92
"/home/lagranzhai/ojexercise/luogu/5662.cpp", "C++", 29, 0, 0, 0, 0, 0, 0, 0, 0, 0, 1, 1, 31
"/home/lagranzhai/ojexercise/luogu/5665.cpp", "C++", 90, 0, 0, 0, 0, 0, 0, 0, 0, 0, 2, 14, 106
"/home/lagranzhai/ojexercise/luogu/5785.cpp", "C++", 46, 0, 0, 0, 0, 0, 0, 0, 0, 0, 9, 0, 55
"/home/lagranzhai/ojexercise/luogu/5787.cpp", "C++", 100, 0, 0, 0, 0, 0, 0, 0, 0, 0, 1, 0, 101
"/home/lagranzhai/ojexercise/luogu/5788.cpp", "C++", 30, 0, 0, 0, 0, 0, 0, 0, 0, 0, 0, 1, 31
"/home/lagranzhai/ojexercise/luogu/5858.cpp", "C++", 18, 0, 0, 0, 0, 0, 0, 0, 0, 0, 0, 0, 18
"/home/lagranzhai/ojexercise/luogu/5960.cpp", "C++", 68, 0, 0, 0, 0, 0, 0, 0, 0, 0, 0, 0, 68
"/home/lagranzhai/ojexercise/luogu/6033.cpp", "C++", 70, 0, 0, 0, 0, 0, 0, 0, 0, 0, 0, 1, 71
"/home/lagranzhai/ojexercise/luogu/6136.cpp", "C++", 159, 0, 0, 0, 0, 0, 0, 0, 0, 0, 0, 1, 160
"/home/lagranzhai/ojexercise/luogu/6175.cpp", "C++", 39, 0, 0, 0, 0, 0, 0, 0, 0, 0, 0, 0, 39
"/home/lagranzhai/ojexercise/luogu/6327.cpp", "C++", 98, 0, 0, 0, 0, 0, 0, 0, 0, 0, 1, 0, 99
"/home/lagranzhai/ojexercise/luogu/6626.cpp", "C++", 151, 0, 0, 0, 0, 0, 0, 0, 0, 0, 54, 0, 205
"/home/lagranzhai/ojexercise/luogu/6833.cpp", "C++", 102, 0, 0, 0, 0, 0, 0, 0, 0, 0, 1, 2, 105
"/home/lagranzhai/ojexercise/luogu/6833_splay.cpp", "C++", 207, 0, 0, 0, 0, 0, 0, 0, 0, 0, 0, 2, 209
"/home/lagranzhai/ojexercise/luogu/6835.cpp", "C++", 62, 0, 0, 0, 0, 0, 0, 0, 0, 0, 1, 1, 64
"/home/lagranzhai/ojexercise/luogu/6880.cpp", "C++", 109, 0, 0, 0, 0, 0, 0, 0, 0, 0, 19, 0, 128
"/home/lagranzhai/ojexercise/luogu/7113.cpp", "C++", 94, 0, 0, 0, 0, 0, 0, 0, 0, 0, 0, 1, 95
"/home/lagranzhai/ojexercise/luogu/7115/7115.cpp", "C++", 114, 0, 0, 0, 0, 0, 0, 0, 0, 0, 7, 0, 121
"/home/lagranzhai/ojexercise/luogu/7115/checker.cpp", "C++", 68, 0, 0, 0, 0, 0, 0, 0, 0, 0, 0, 1, 69
"/home/lagranzhai/ojexercise/luogu/7115/testlib.h", "C++", 3843, 0, 0, 0, 0, 0, 0, 0, 0, 0, 327, 841, 5011
"/home/lagranzhai/ojexercise/luogu/7706.cpp", "C++", 143, 0, 0, 0, 0, 0, 0, 0, 0, 0, 1, 1, 145
"/home/lagranzhai/ojexercise/luogu/7910.cpp", "C++", 110, 0, 0, 0, 0, 0, 0, 0, 0, 0, 43, 1, 154
"/home/lagranzhai/ojexercise/luogu/7913.cpp", "C++", 46, 0, 0, 0, 0, 0, 0, 0, 0, 0, 4, 1, 51
"/home/lagranzhai/ojexercise/luogu/7960.cpp", "C++", 46, 0, 0, 0, 0, 0, 0, 0, 0, 0, 4, 1, 51
"/home/lagranzhai/ojexercise/luogu/8289.cpp", "C++", 115, 0, 0, 0, 0, 0, 0, 0, 0, 0, 9, 5, 129
"/home/lagranzhai/ojexercise/luogu/8435.cpp", "C++", 68, 0, 0, 0, 0, 0, 0, 0, 0, 0, 0, 0, 68
"/home/lagranzhai/ojexercise/luogu/8436.cpp", "C++", 72, 0, 0, 0, 0, 0, 0, 0, 0, 0, 0, 0, 72
"/home/lagranzhai/ojexercise/luogu/8486.cpp", "C++", 66, 0, 0, 0, 0, 0, 0, 0, 0, 0, 3, 0, 69
"/home/lagranzhai/ojexercise/luogu/8563.cpp", "C++", 118, 0, 0, 0, 0, 0, 0, 0, 0, 0, 0, 1, 119
"/home/lagranzhai/ojexercise/luogu/8593.cpp", "C++", 75, 0, 0, 0, 0, 0, 0, 0, 0, 0, 1, 1, 77
"/home/lagranzhai/ojexercise/luogu/8594.cpp", "C++", 30, 0, 0, 0, 0, 0, 0, 0, 0, 0, 11, 1, 42
"/home/lagranzhai/ojexercise/luogu/8818.cpp", "C++", 82, 0, 0, 0, 0, 0, 0, 0, 0, 0, 8, 2, 92
"/home/lagranzhai/ojexercise/luogu/8863.cpp", "C++", 45, 0, 0, 0, 0, 0, 0, 0, 0, 0, 0, 3, 48
"/home/lagranzhai/ojexercise/luogu/8866.cpp", "C++", 144, 0, 0, 0, 0, 0, 0, 0, 0, 0, 4, 7, 155
"/home/lagranzhai/ojexercise/luogu/9549.cpp", "C++", 81, 0, 0, 0, 0, 0, 0, 0, 0, 0, 15, 0, 96
"/home/lagranzhai/ojexercise/luogu/9549std.cpp", "C++", 92, 0, 0, 0, 0, 0, 0, 0, 0, 0, 12, 2, 106
"/home/lagranzhai/ojexercise/luogu/B3609.cpp", "C++", 75, 0, 0, 0, 0, 0, 0, 0, 0, 0, 0, 0, 75
"/home/lagranzhai/ojexercise/luogu/SP1043.cpp", "C++", 90, 0, 0, 0, 0, 0, 0, 0, 0, 0, 1, 0, 91
"/home/lagranzhai/ojexercise/luogu/SP16549.cpp", "C++", 149, 0, 0, 0, 0, 0, 0, 0, 0, 0, 2, 0, 151
"/home/lagranzhai/ojexercise/luogu/T224518.py", "Python", 0, 31, 0, 0, 0, 0, 0, 0, 0, 0, 0, 1, 32
"/home/lagranzhai/ojexercise/luogu/T266174.cpp", "C++", 28, 0, 0, 0, 0, 0, 0, 0, 0, 0, 0, 1, 29
"/home/lagranzhai/ojexercise/luogu/T271869.cpp", "C++", 12, 0, 0, 0, 0, 0, 0, 0, 0, 0, 0, 1, 13
"/home/lagranzhai/ojexercise/luogu/T292344.cpp", "C++", 16, 0, 0, 0, 0, 0, 0, 0, 0, 0, 0, 1, 17
"/home/lagranzhai/ojexercise/luogu/T315128.cpp", "C++", 55, 0, 0, 0, 0, 0, 0, 0, 0, 0, 1, 1, 57
"/home/lagranzhai/ojexercise/luogu/T324740.cpp", "C++", 87, 0, 0, 0, 0, 0, 0, 0, 0, 0, 9, 1, 97
"/home/lagranzhai/ojexercise/luogu/T349090.cpp", "C++", 105, 0, 0, 0, 0, 0, 0, 0, 0, 0, 10, 1, 116
"/home/lagranzhai/ojexercise/luogu/T352128.cpp", "C++", 43, 0, 0, 0, 0, 0, 0, 0, 0, 0, 1, 2, 46
"/home/lagranzhai/ojexercise/luogu/T352146.cpp", "C++", 54, 0, 0, 0, 0, 0, 0, 0, 0, 0, 1, 1, 56
"/home/lagranzhai/ojexercise/luogu/T352202.cpp", "C++", 73, 0, 0, 0, 0, 0, 0, 0, 0, 0, 1, 1, 75
"/home/lagranzhai/ojexercise/luogu/T352203.cpp", "C++", 50, 0, 0, 0, 0, 0, 0, 0, 0, 0, 1, 1, 52
"/home/lagranzhai/ojexercise/luogu/T355600.cpp", "C++", 61, 0, 0, 0, 0, 0, 0, 0, 0, 0, 1, 1, 63
"/home/lagranzhai/ojexercise/luogu/T355601.cpp", "C++", 50, 0, 0, 0, 0, 0, 0, 0, 0, 0, 1, 1, 52
"/home/lagranzhai/ojexercise/luogu/T355602.cpp", "C++", 0, 0, 0, 0, 0, 0, 0, 0, 0, 0, 0, 1, 1
"/home/lagranzhai/ojexercise/luogu/T357624.cpp", "C++", 180, 0, 0, 0, 0, 0, 0, 0, 0, 0, 1, 6, 187
"/home/lagranzhai/ojexercise/luogu/T357625.cpp", "C++", 53, 0, 0, 0, 0, 0, 0, 0, 0, 0, 1, 1, 55
"/home/lagranzhai/ojexercise/luogu/T359321.cpp", "C++", 109, 0, 0, 0, 0, 0, 0, 0, 0, 0, 2, 1, 112
"/home/lagranzhai/ojexercise/luogu/T359322.cpp", "C++", 80, 0, 0, 0, 0, 0, 0, 0, 0, 0, 1, 1, 82
"/home/lagranzhai/ojexercise/luogu/T359323.cpp", "C++", 80, 0, 0, 0, 0, 0, 0, 0, 0, 0, 1, 1, 82
"/home/lagranzhai/ojexercise/luogu/T359626.cpp", "C++", 92, 0, 0, 0, 0, 0, 0, 0, 0, 0, 5, 2, 99
"/home/lagranzhai/ojexercise/luogu/T360097.cpp", "C++", 59, 0, 0, 0, 0, 0, 0, 0, 0, 0, 1, 1, 61
"/home/lagranzhai/ojexercise/luogu/T360101.cpp", "C++", 124, 0, 0, 0, 0, 0, 0, 0, 0, 0, 7, 1, 132
"/home/lagranzhai/ojexercise/luogu/T364841.cpp", "C++", 71, 0, 0, 0, 0, 0, 0, 0, 0, 0, 1, 1, 73
"/home/lagranzhai/ojexercise/luogu/T364842.cpp", "C++", 99, 0, 0, 0, 0, 0, 0, 0, 0, 0, 1, 3, 103
"/home/lagranzhai/ojexercise/luogu/T365450.cpp", "C++", 70, 0, 0, 0, 0, 0, 0, 0, 0, 0, 3, 1, 74
"/home/lagranzhai/ojexercise/luogu/T365451.cpp", "C++", 131, 0, 0, 0, 0, 0, 0, 0, 0, 0, 1, 1, 133
"/home/lagranzhai/ojexercise/luogu/T365455.cpp", "C++", 52, 0, 0, 0, 0, 0, 0, 0, 0, 0, 17, 2, 71
"/home/lagranzhai/ojexercise/luogu/T367822.cpp", "C++", 66, 0, 0, 0, 0, 0, 0, 0, 0, 0, 1, 2, 69
"/home/lagranzhai/ojexercise/luogu/T367823.cpp", "C++", 82, 0, 0, 0, 0, 0, 0, 0, 0, 0, 3, 1, 86
"/home/lagranzhai/ojexercise/luogu/T367825.cpp", "C++", 85, 0, 0, 0, 0, 0, 0, 0, 0, 0, 5, 1, 91
"/home/lagranzhai/ojexercise/luogu/T367829.cpp", "C++", 74, 0, 0, 0, 0, 0, 0, 0, 0, 0, 1, 1, 76
"/home/lagranzhai/ojexercise/luogu/T368960.cpp", "C++", 25, 0, 0, 0, 0, 0, 0, 0, 0, 0, 0, 1, 26
"/home/lagranzhai/ojexercise/luogu/T369026.cpp", "C++", 55, 0, 0, 0, 0, 0, 0, 0, 0, 0, 1, 2, 58
"/home/lagranzhai/ojexercise/luogu/U379635.cpp", "C++", 42, 0, 0, 0, 0, 0, 0, 0, 0, 0, 2, 0, 44
"/home/lagranzhai/ojexercise/luogu/U389709.cpp", "C++", 44, 0, 0, 0, 0, 0, 0, 0, 0, 0, 1, 0, 45
"/home/lagranzhai/ojexercise/luogu/U389711.cpp", "C++", 38, 0, 0, 0, 0, 0, 0, 0, 0, 0, 4, 1, 43
"/home/lagranzhai/ojexercise/luogu/U391438.cpp", "C++", 59, 0, 0, 0, 0, 0, 0, 0, 0, 0, 0, 0, 59
"/home/lagranzhai/ojexercise/luogu/UVA11481/UVA11481.cpp", "C++", 52, 0, 0, 0, 0, 0, 0, 0, 0, 0, 0, 0, 52
"/home/lagranzhai/ojexercise/luogu/UVA1205.cpp", "C++", 85, 0, 0, 0, 0, 0, 0, 0, 0, 0, 2, 1, 88
"/home/lagranzhai/ojexercise/luogu/UVA12299.cpp", "C++", 104, 0, 0, 0, 0, 0, 0, 0, 0, 0, 2, 1, 107
"/home/lagranzhai/ojexercise/luogu/UVA12299/UVA12299.cpp", "C++", 104, 0, 0, 0, 0, 0, 0, 0, 0, 0, 2, 1, 107
"/home/lagranzhai/ojexercise/luogu/Untitled-1.cpp", "C++", 36, 0, 0, 0, 0, 0, 0, 0, 0, 0, 0, 0, 36
"/home/lagranzhai/ojexercise/luogu/Untitled-2.cpp", "C++", 27, 0, 0, 0, 0, 0, 0, 0, 0, 0, 0, 0, 27
"/home/lagranzhai/ojexercise/luogu/boom/T367822.cpp", "C++", 56, 0, 0, 0, 0, 0, 0, 0, 0, 0, 22, 1, 79
"/home/lagranzhai/ojexercise/luogu/e.cpp", "C++", 87, 0, 0, 0, 0, 0, 0, 0, 0, 0, 11, 0, 98
"/home/lagranzhai/ojexercise/luogu/gene.cpp", "C++", 12, 0, 0, 0, 0, 0, 0, 0, 0, 0, 0, 0, 12
"/home/lagranzhai/ojexercise/luogu/move.py", "Python", 0, 0, 0, 0, 0, 0, 0, 0, 0, 0, 0, 1, 1
"/home/lagranzhai/ojexercise/luogu/noipt2.cpp", "C++", 80, 0, 0, 0, 0, 0, 0, 0, 0, 0, 1, 1, 82
"/home/lagranzhai/ojexercise/luogu/rrads.cpp", "C++", 88, 0, 0, 0, 0, 0, 0, 0, 0, 0, 0, 10, 98
"/home/lagranzhai/ojexercise/luogu/sp3267.cpp", "C++", 45, 0, 0, 0, 0, 0, 0, 0, 0, 0, 1, 2, 48
"/home/lagranzhai/ojexercise/luogu/t1.cpp", "C++", 50, 0, 0, 0, 0, 0, 0, 0, 0, 0, 3, 0, 53
"/home/lagranzhai/ojexercise/luogu/t2.cpp", "C++", 55, 0, 0, 0, 0, 0, 0, 0, 0, 0, 14, 0, 69
"/home/lagranzhai/ojexercise/luogu/t5.cpp", "C++", 68, 0, 0, 0, 0, 0, 0, 0, 0, 0, 3, 1, 72
"/home/lagranzhai/ojexercise/luogu/t7.cpp", "C++", 0, 0, 0, 0, 0, 0, 0, 0, 0, 0, 0, 1, 1
"/home/lagranzhai/ojexercise/luogu/tem.cpp", "C++", 40, 0, 0, 0, 0, 0, 0, 0, 0, 0, 1, 3, 44
"/home/lagranzhai/ojexercise/luogu/tem1.cpp", "C++", 10, 0, 0, 0, 0, 0, 0, 0, 0, 0, 0, 1, 11
"/home/lagranzhai/ojexercise/luogu/tempCodeRunnerFile.cpp", "C++", 1, 0, 0, 0, 0, 0, 0, 0, 0, 0, 2, 0, 3
"/home/lagranzhai/ojexercise/luogu/test.cpp", "C++", 29, 0, 0, 0, 0, 0, 0, 0, 0, 0, 4, 1, 34
"/home/lagranzhai/ojexercise/luogu/tuseyouxi.cpp", "C++", 39, 0, 0, 0, 0, 0, 0, 0, 0, 0, 0, 1, 40
"/home/lagranzhai/ojexercise/luogu/uoj/622.cpp", "C++", 49, 0, 0, 0, 0, 0, 0, 0, 0, 0, 0, 0, 49
"/home/lagranzhai/ojexercise/luogu/uoj/622_new.cpp", "C++", 68, 0, 0, 0, 0, 0, 0, 0, 0, 0, 4, 1, 73
"/home/lagranzhai/ojexercise/luogu/ygddt.cpp", "C++", 60, 0, 0, 0, 0, 0, 0, 0, 0, 0, 2, 1, 63
"/home/lagranzhai/ojexercise/luogu/ygwdl.cpp", "C++", 47, 0, 0, 0, 0, 0, 0, 0, 0, 0, 3, 1, 51
"/home/lagranzhai/ojexercise/luogu/zlg.cpp", "C++", 136, 0, 0, 0, 0, 0, 0, 0, 0, 0, 1, 2, 139
"/home/lagranzhai/ojexercise/luogu/大样例/T364841.cpp", "C++", 70, 0, 0, 0, 0, 0, 0, 0, 0, 0, 2, 1, 73
"/home/lagranzhai/ojexercise/luogu/未命名.cpp", "C++", 78, 0, 0, 0, 0, 0, 0, 0, 0, 0, 3, 1, 82
"/home/lagranzhai/ojexercise/luogu/未命名2.cpp", "C++", 132, 0, 0, 0, 0, 0, 0, 0, 0, 0, 1, 5, 138
"/home/lagranzhai/ojexercise/luogu/未命名3.cpp", "C++", 41, 0, 0, 0, 0, 0, 0, 0, 0, 0, 0, 2, 43
"/home/lagranzhai/ojexercise/m1/result.html", "HTML", 0, 0, 0, 0, 0, 0, 0, 0, 0, 11, 0, 0, 11
"/home/lagranzhai/ojexercise/m1/result1.html", "HTML", 0, 0, 0, 0, 0, 0, 0, 0, 0, 11, 0, 0, 11
"/home/lagranzhai/ojexercise/m1/source/TJ-001/turing/tempCodeRunnerFile.cpp", "C++", 1, 0, 0, 0, 0, 0, 0, 0, 0, 0, 0, 0, 1
"/home/lagranzhai/ojexercise/m1/source/TJ-001/turing/turing.cpp", "C++", 14, 0, 0, 0, 0, 0, 0, 0, 0, 0, 0, 0, 14
"/home/lagranzhai/ojexercise/m1/source/TJ-002/turing/turing.cpp", "C++", 20, 0, 0, 0, 0, 0, 0, 0, 0, 0, 0, 1, 21
"/home/lagranzhai/ojexercise/m1/source/TJ-003/turing/turing.cpp", "C++", 16, 0, 0, 0, 0, 0, 0, 0, 0, 0, 0, 0, 16
"/home/lagranzhai/ojexercise/m1/source/TJ-004/turing/turing.cpp", "C++", 9, 0, 0, 0, 0, 0, 0, 0, 0, 0, 0, 0, 9
"/home/lagranzhai/ojexercise/m1/source/osy/turing/turing.cpp", "C++", 18, 0, 0, 0, 0, 0, 0, 0, 0, 0, 0, 0, 18
"/home/lagranzhai/ojexercise/m1/source/wph/turing/turing.cpp", "C++", 19, 0, 0, 0, 0, 0, 0, 0, 0, 0, 0, 1, 20
"/home/lagranzhai/ojexercise/m1/选手文件/TJ-001/turing/turing.cpp", "C++", 13, 0, 0, 0, 0, 0, 0, 0, 0, 0, 0, 0, 13
"/home/lagranzhai/ojexercise/m1/选手文件/TJ-003/turing/turing.cpp", "C++", 16, 0, 0, 0, 0, 0, 0, 0, 0, 0, 0, 0, 16
"/home/lagranzhai/ojexercise/m2/csp2023/data/apple/Standard_CPlus.cpp", "C++", 62, 0, 0, 0, 0, 0, 0, 0, 0, 0, 0, 1, 63
"/home/lagranzhai/ojexercise/m2/csp2023/data/banana/Standard_CPlus.cpp", "C++", 36, 0, 0, 0, 0, 0, 0, 0, 0, 0, 0, 6, 42
"/home/lagranzhai/ojexercise/m2/csp2023/data/climb/Standard_CPlus.cpp", "C++", 83, 0, 0, 0, 0, 0, 0, 0, 0, 0, 0, 2, 85
"/home/lagranzhai/ojexercise/m2/csp2023/data/magic/Standard_CPlus.cpp", "C++", 24, 0, 0, 0, 0, 0, 0, 0, 0, 0, 0, 2, 26
"/home/lagranzhai/ojexercise/m2/csp2023/source/TJ-S00001/apple/apple.cpp", "C++", 25, 0, 0, 0, 0, 0, 0, 0, 0, 0, 41, 1, 67
"/home/lagranzhai/ojexercise/m2/csp2023/source/TJ-S00001/banana/banana.cpp", "C++", 8, 0, 0, 0, 0, 0, 0, 0, 0, 0, 0, 1, 9
"/home/lagranzhai/ojexercise/m2/csp2023/source/TJ-S00001/climb/climb.cpp", "C++", 27, 0, 0, 0, 0, 0, 0, 0, 0, 0, 0, 1, 28
"/home/lagranzhai/ojexercise/m2/csp2023/source/TJ-S00001/magic/magic.cpp", "C++", 15, 0, 0, 0, 0, 0, 0, 0, 0, 0, 0, 1, 16
"/home/lagranzhai/ojexercise/m2/csp2023/source/TJ-S00002/apple/apple.cpp", "C++", 68, 0, 0, 0, 0, 0, 0, 0, 0, 0, 0, 1, 69
"/home/lagranzhai/ojexercise/m2/csp2023/source/TJ-S00002/banana/banana.cpp", "C++", 48, 0, 0, 0, 0, 0, 0, 0, 0, 0, 0, 1, 49
"/home/lagranzhai/ojexercise/m2/csp2023/source/TJ-S00002/magic/magic.cpp", "C++", 23, 0, 0, 0, 0, 0, 0, 0, 0, 0, 0, 1, 24
"/home/lagranzhai/ojexercise/m2/csp2023/source/TJ-S00007/apple/apple.cpp", "C++", 8, 0, 0, 0, 0, 0, 0, 0, 0, 0, 0, 1, 9
"/home/lagranzhai/ojexercise/m2/csp2023/source/TJ-S00007/banana/banana.cpp", "C++", 33, 0, 0, 0, 0, 0, 0, 0, 0, 0, 0, 1, 34
"/home/lagranzhai/ojexercise/m2/csp2023/source/TJ-S00007/climb/climb.cpp", "C++", 9, 0, 0, 0, 0, 0, 0, 0, 0, 0, 0, 1, 10
"/home/lagranzhai/ojexercise/m2/csp2023/source/TJ-S00007/magic/magic.cpp", "C++", 17, 0, 0, 0, 0, 0, 0, 0, 0, 0, 0, 1, 18
"/home/lagranzhai/ojexercise/m2/csp2023/source/TJ-S00014/apple/apple.cpp", "C++", 30, 0, 0, 0, 0, 0, 0, 0, 0, 0, 0, 10, 40
"/home/lagranzhai/ojexercise/m2/csp2023/source/TJ-S00014/banana/banana.cpp", "C++", 98, 0, 0, 0, 0, 0, 0, 0, 0, 0, 4, 9, 111
"/home/lagranzhai/ojexercise/m2/csp2023/source/TJ-S00014/magic/magic.cpp", "C++", 34, 0, 0, 0, 0, 0, 0, 0, 0, 0, 0, 7, 41
"/home/lagranzhai/ojexercise/m2/csp2023/source/TJ-S00125/apple/apple.cpp", "C++", 56, 0, 0, 0, 0, 0, 0, 0, 0, 0, 0, 4, 60
"/home/lagranzhai/ojexercise/m2/csp2023/source/TJ-S00125/banana/banana.cpp", "C++", 27, 0, 0, 0, 0, 0, 0, 0, 0, 0, 0, 3, 30
"/home/lagranzhai/ojexercise/m2/csp2023/source/TJ-S00125/climb/climb.cpp", "C++", 56, 0, 0, 0, 0, 0, 0, 0, 0, 0, 0, 6, 62
"/home/lagranzhai/ojexercise/m2/csp2023/source/TJ-S00125/magic/magic.cpp", "C++", 22, 0, 0, 0, 0, 0, 0, 0, 0, 0, 0, 3, 25
"/home/lagranzhai/ojexercise/m2/csp2023/source/TJ-S00210/apple/apple.cpp", "C++", 14, 0, 0, 0, 0, 0, 0, 0, 0, 0, 0, 4, 18
"/home/lagranzhai/ojexercise/m2/csp2023/source/TJ-S00210/banana/banana.cpp", "C++", 26, 0, 0, 0, 0, 0, 0, 0, 0, 0, 16, 7, 49
"/home/lagranzhai/ojexercise/m2/csp2023/source/TJ-S00210/climb/climb.cpp", "C++", 19, 0, 0, 0, 0, 0, 0, 0, 0, 0, 0, 3, 22
"/home/lagranzhai/ojexercise/m2/csp2023/source/TJ-S00210/magic/magic.cpp", "C++", 22, 0, 0, 0, 0, 0, 0, 0, 0, 0, 10, 6, 38
"/home/lagranzhai/ojexercise/m2/csp2023/source/TJ-S00212/climb/climb.cpp", "C++", 56, 0, 0, 0, 0, 0, 0, 0, 0, 0, 0, 4, 60
"/home/lagranzhai/ojexercise/m2/csp2023/source/TJ-S00212/magic/magic.cpp", "C++", 25, 0, 0, 0, 0, 0, 0, 0, 0, 0, 4, 2, 31
"/home/lagranzhai/ojexercise/m2/csp2023/source/TJ-S00268/apple/apple.cpp", "C++", 93, 0, 0, 0, 0, 0, 0, 0, 0, 0, 5, 1, 99
"/home/lagranzhai/ojexercise/m2/csp2023/source/TJ-S00268/magic/magic.cpp", "C++", 24, 0, 0, 0, 0, 0, 0, 0, 0, 0, 0, 1, 25
"/home/lagranzhai/ojexercise/m2/csp2023/source/TJ-S00270/apple/apple.cpp", "C++", 6, 0, 0, 0, 0, 0, 0, 0, 0, 0, 0, 1, 7
"/home/lagranzhai/ojexercise/m2/csp2023/source/TJ-S00270/banana/banana.cpp", "C++", 52, 0, 0, 0, 0, 0, 0, 0, 0, 0, 0, 1, 53
"/home/lagranzhai/ojexercise/m2/csp2023/source/TJ-S00270/climb/climb.cpp", "C++", 6, 0, 0, 0, 0, 0, 0, 0, 0, 0, 0, 1, 7
"/home/lagranzhai/ojexercise/m2/csp2023/source/TJ-S00270/magic/magic.cpp", "C++", 14, 0, 0, 0, 0, 0, 0, 0, 0, 0, 0, 1, 15
"/home/lagranzhai/ojexercise/m2/csp2023/source/TJ-S00327/apple/apple.cpp", "C++", 45, 0, 0, 0, 0, 0, 0, 0, 0, 0, 0, 1, 46
"/home/lagranzhai/ojexercise/m2/csp2023/source/TJ-S00327/banana/banana.cpp", "C++", 30, 0, 0, 0, 0, 0, 0, 0, 0, 0, 0, 1, 31
"/home/lagranzhai/ojexercise/m2/csp2023/source/TJ-S00327/climb/climb.cpp", "C++", 1, 0, 0, 0, 0, 0, 0, 0, 0, 0, 0, 1, 2
"/home/lagranzhai/ojexercise/m2/csp2023/source/TJ-S00327/magic/magic.cpp", "C++", 20, 0, 0, 0, 0, 0, 0, 0, 0, 0, 0, 1, 21
"/home/lagranzhai/ojexercise/m2/csp2023/source/TJ-S00354/apple/apple.cpp", "C++", 74, 0, 0, 0, 0, 0, 0, 0, 0, 0, 0, 1, 75
"/home/lagranzhai/ojexercise/m2/csp2023/source/TJ-S00354/banana/banana.cpp", "C++", 96, 0, 0, 0, 0, 0, 0, 0, 0, 0, 0, 1, 97
"/home/lagranzhai/ojexercise/m2/csp2023/source/TJ-S00354/climb/climb.cpp", "C++", 38, 0, 0, 0, 0, 0, 0, 0, 0, 0, 0, 3, 41
"/home/lagranzhai/ojexercise/m2/csp2023/source/TJ-S00354/magic/magic.cpp", "C++", 28, 0, 0, 0, 0, 0, 0, 0, 0, 0, 0, 1, 29
"/home/lagranzhai/ojexercise/m2/csp2023/source/TJ-S00381/apple/apple.cpp.cpp", "C++", 13, 0, 0, 0, 0, 0, 0, 0, 0, 0, 0, 3, 16
"/home/lagranzhai/ojexercise/m2/csp2023/source/TJ-S00381/banana/banana.cpp.cpp", "C++", 31, 0, 0, 0, 0, 0, 0, 0, 0, 0, 0, 1, 32
"/home/lagranzhai/ojexercise/m2/csp2023/source/TJ-S00381/climb/climb.cpp.cpp", "C++", 5, 0, 0, 0, 0, 0, 0, 0, 0, 0, 0, 3, 8
"/home/lagranzhai/ojexercise/m2/csp2023/source/TJ-S00381/magic/magic.cpp.cpp", "C++", 16, 0, 0, 0, 0, 0, 0, 0, 0, 0, 0, 1, 17
"/home/lagranzhai/ojexercise/m2/data/apple/Standard_CPlus.cpp", "C++", 62, 0, 0, 0, 0, 0, 0, 0, 0, 0, 0, 1, 63
"/home/lagranzhai/ojexercise/m2/data/banana/Standard_CPlus.cpp", "C++", 36, 0, 0, 0, 0, 0, 0, 0, 0, 0, 0, 6, 42
"/home/lagranzhai/ojexercise/m2/data/climb/Standard_CPlus.cpp", "C++", 83, 0, 0, 0, 0, 0, 0, 0, 0, 0, 0, 2, 85
"/home/lagranzhai/ojexercise/m2/data/magic/Standard_CPlus.cpp", "C++", 24, 0, 0, 0, 0, 0, 0, 0, 0, 0, 0, 2, 26
"/home/lagranzhai/ojexercise/m2/source/TJ-S00001/apple/apple.cpp", "C++", 25, 0, 0, 0, 0, 0, 0, 0, 0, 0, 41, 1, 67
"/home/lagranzhai/ojexercise/m2/source/TJ-S00001/banana/banana.cpp", "C++", 8, 0, 0, 0, 0, 0, 0, 0, 0, 0, 0, 1, 9
"/home/lagranzhai/ojexercise/m2/source/TJ-S00001/climb/climb.cpp", "C++", 27, 0, 0, 0, 0, 0, 0, 0, 0, 0, 0, 1, 28
"/home/lagranzhai/ojexercise/m2/source/TJ-S00001/magic/magic.cpp", "C++", 15, 0, 0, 0, 0, 0, 0, 0, 0, 0, 0, 1, 16
"/home/lagranzhai/ojexercise/m2/source/TJ-S00002/apple/apple.cpp", "C++", 68, 0, 0, 0, 0, 0, 0, 0, 0, 0, 0, 1, 69
"/home/lagranzhai/ojexercise/m2/source/TJ-S00002/banana/banana.cpp", "C++", 49, 0, 0, 0, 0, 0, 0, 0, 0, 0, 0, 1, 50
"/home/lagranzhai/ojexercise/m2/source/TJ-S00002/magic/magic.cpp", "C++", 23, 0, 0, 0, 0, 0, 0, 0, 0, 0, 0, 1, 24
"/home/lagranzhai/ojexercise/m2/source/TJ-S00007/apple/apple.cpp", "C++", 8, 0, 0, 0, 0, 0, 0, 0, 0, 0, 0, 1, 9
"/home/lagranzhai/ojexercise/m2/source/TJ-S00007/banana/banana.cpp", "C++", 33, 0, 0, 0, 0, 0, 0, 0, 0, 0, 0, 1, 34
"/home/lagranzhai/ojexercise/m2/source/TJ-S00007/climb/climb.cpp", "C++", 9, 0, 0, 0, 0, 0, 0, 0, 0, 0, 0, 1, 10
"/home/lagranzhai/ojexercise/m2/source/TJ-S00007/magic/magic.cpp", "C++", 17, 0, 0, 0, 0, 0, 0, 0, 0, 0, 0, 1, 18
"/home/lagranzhai/ojexercise/m2/source/TJ-S00014/apple/apple.cpp", "C++", 30, 0, 0, 0, 0, 0, 0, 0, 0, 0, 0, 10, 40
"/home/lagranzhai/ojexercise/m2/source/TJ-S00014/banana/banana.cpp", "C++", 98, 0, 0, 0, 0, 0, 0, 0, 0, 0, 4, 9, 111
"/home/lagranzhai/ojexercise/m2/source/TJ-S00014/magic/magic.cpp", "C++", 34, 0, 0, 0, 0, 0, 0, 0, 0, 0, 0, 7, 41
"/home/lagranzhai/ojexercise/m2/source/TJ-S00125/apple/apple.cpp", "C++", 56, 0, 0, 0, 0, 0, 0, 0, 0, 0, 0, 4, 60
"/home/lagranzhai/ojexercise/m2/source/TJ-S00125/banana/banana.cpp", "C++", 27, 0, 0, 0, 0, 0, 0, 0, 0, 0, 0, 3, 30
"/home/lagranzhai/ojexercise/m2/source/TJ-S00125/climb/climb.cpp", "C++", 56, 0, 0, 0, 0, 0, 0, 0, 0, 0, 0, 6, 62
"/home/lagranzhai/ojexercise/m2/source/TJ-S00125/magic/magic.cpp", "C++", 22, 0, 0, 0, 0, 0, 0, 0, 0, 0, 0, 3, 25
"/home/lagranzhai/ojexercise/m2/source/TJ-S00210/apple/apple.cpp", "C++", 14, 0, 0, 0, 0, 0, 0, 0, 0, 0, 0, 4, 18
"/home/lagranzhai/ojexercise/m2/source/TJ-S00210/banana/banana.cpp", "C++", 26, 0, 0, 0, 0, 0, 0, 0, 0, 0, 16, 7, 49
"/home/lagranzhai/ojexercise/m2/source/TJ-S00210/climb/climb.cpp", "C++", 19, 0, 0, 0, 0, 0, 0, 0, 0, 0, 0, 3, 22
"/home/lagranzhai/ojexercise/m2/source/TJ-S00210/magic/magic.cpp", "C++", 22, 0, 0, 0, 0, 0, 0, 0, 0, 0, 10, 6, 38
"/home/lagranzhai/ojexercise/m2/source/TJ-S00212/climb/climb.cpp", "C++", 56, 0, 0, 0, 0, 0, 0, 0, 0, 0, 0, 4, 60
"/home/lagranzhai/ojexercise/m2/source/TJ-S00212/magic/magic.cpp", "C++", 25, 0, 0, 0, 0, 0, 0, 0, 0, 0, 4, 2, 31
"/home/lagranzhai/ojexercise/m2/source/TJ-S00268/apple/apple.cpp", "C++", 93, 0, 0, 0, 0, 0, 0, 0, 0, 0, 5, 1, 99
"/home/lagranzhai/ojexercise/m2/source/TJ-S00268/magic/magic.cpp", "C++", 24, 0, 0, 0, 0, 0, 0, 0, 0, 0, 0, 1, 25
"/home/lagranzhai/ojexercise/m2/source/TJ-S00270/apple/apple.cpp", "C++", 6, 0, 0, 0, 0, 0, 0, 0, 0, 0, 0, 1, 7
"/home/lagranzhai/ojexercise/m2/source/TJ-S00270/banana/banana.cpp", "C++", 52, 0, 0, 0, 0, 0, 0, 0, 0, 0, 0, 1, 53
"/home/lagranzhai/ojexercise/m2/source/TJ-S00270/climb/climb.cpp", "C++", 6, 0, 0, 0, 0, 0, 0, 0, 0, 0, 0, 1, 7
"/home/lagranzhai/ojexercise/m2/source/TJ-S00270/magic/magic.cpp", "C++", 14, 0, 0, 0, 0, 0, 0, 0, 0, 0, 0, 1, 15
"/home/lagranzhai/ojexercise/m2/source/TJ-S00327/apple/apple.cpp", "C++", 45, 0, 0, 0, 0, 0, 0, 0, 0, 0, 0, 1, 46
"/home/lagranzhai/ojexercise/m2/source/TJ-S00327/banana/banana.cpp", "C++", 30, 0, 0, 0, 0, 0, 0, 0, 0, 0, 0, 1, 31
"/home/lagranzhai/ojexercise/m2/source/TJ-S00327/climb/climb.cpp", "C++", 1, 0, 0, 0, 0, 0, 0, 0, 0, 0, 0, 1, 2
"/home/lagranzhai/ojexercise/m2/source/TJ-S00327/magic/magic.cpp", "C++", 20, 0, 0, 0, 0, 0, 0, 0, 0, 0, 0, 1, 21
"/home/lagranzhai/ojexercise/m2/source/TJ-S00354/apple/apple.cpp", "C++", 74, 0, 0, 0, 0, 0, 0, 0, 0, 0, 0, 1, 75
"/home/lagranzhai/ojexercise/m2/source/TJ-S00354/banana/banana.cpp", "C++", 96, 0, 0, 0, 0, 0, 0, 0, 0, 0, 0, 1, 97
"/home/lagranzhai/ojexercise/m2/source/TJ-S00354/climb/climb.cpp", "C++", 38, 0, 0, 0, 0, 0, 0, 0, 0, 0, 0, 3, 41
"/home/lagranzhai/ojexercise/m2/source/TJ-S00354/magic/magic.cpp", "C++", 28, 0, 0, 0, 0, 0, 0, 0, 0, 0, 0, 1, 29
"/home/lagranzhai/ojexercise/m2/source/TJ-S00381/apple/apple.cpp.cpp", "C++", 13, 0, 0, 0, 0, 0, 0, 0, 0, 0, 0, 3, 16
"/home/lagranzhai/ojexercise/m2/source/TJ-S00381/banana/banana.cpp", "C++", 31, 0, 0, 0, 0, 0, 0, 0, 0, 0, 0, 1, 32
"/home/lagranzhai/ojexercise/m2/source/TJ-S00381/climb/climb.cpp", "C++", 5, 0, 0, 0, 0, 0, 0, 0, 0, 0, 0, 3, 8
"/home/lagranzhai/ojexercise/m2/source/TJ-S00381/magic/magic.cpp", "C++", 16, 0, 0, 0, 0, 0, 0, 0, 0, 0, 0, 1, 17
"/home/lagranzhai/ojexercise/match/source/osy/turing/turing.cpp", "C++", 10, 0, 0, 0, 0, 0, 0, 0, 0, 0, 0, 4, 14
"/home/lagranzhai/ojexercise/match/source/wph/turing/turing.cpp", "C++", 19, 0, 0, 0, 0, 0, 0, 0, 0, 0, 0, 1, 20
"/home/lagranzhai/ojexercise/memtest.cpp", "C++", 6, 0, 0, 0, 0, 0, 0, 0, 0, 0, 3, 0, 9
"/home/lagranzhai/ojexercise/mryt.cu", "CUDA C++", 0, 0, 0, 0, 0, 0, 46, 0, 0, 0, 6, 11, 63
"/home/lagranzhai/ojexercise/notes/Blogs.md", "Markdown", 0, 0, 0, 0, 0, 5, 0, 0, 0, 0, 0, 2, 7
"/home/lagranzhai/ojexercise/notes/NOIP 2022 TJ 迷惑行为大赏.md", "Markdown", 0, 0, 0, 0, 0, 45, 0, 0, 0, 0, 0, 22, 67
"/home/lagranzhai/ojexercise/notes/ds_summary.md", "Markdown", 0, 0, 0, 0, 0, 15, 0, 0, 0, 0, 0, 2, 17
"/home/lagranzhai/ojexercise/notes/keep_in_mind.md", "Markdown", 0, 0, 0, 0, 0, 51, 0, 0, 0, 0, 0, 7, 58
"/home/lagranzhai/ojexercise/notes/template.md", "Markdown", 0, 0, 0, 0, 0, 45, 0, 0, 0, 0, 0, 5, 50
"/home/lagranzhai/ojexercise/openai.py", "Python", 0, 8, 0, 0, 0, 0, 0, 0, 0, 0, 0, 0, 8
"/home/lagranzhai/ojexercise/p4.cpp", "C++", 34, 0, 0, 0, 0, 0, 0, 0, 0, 0, 0, 0, 34
"/home/lagranzhai/ojexercise/shengpei/d1t1.cpp", "C++", 77, 0, 0, 0, 0, 0, 0, 0, 0, 0, 0, 2, 79
"/home/lagranzhai/ojexercise/shengpei/d1t3.cpp", "C++", 155, 0, 0, 0, 0, 0, 0, 0, 0, 0, 14, 1, 170
"/home/lagranzhai/ojexercise/shengpei/d2t1.cpp", "C++", 36, 0, 0, 0, 0, 0, 0, 0, 0, 0, 0, 1, 37
"/home/lagranzhai/ojexercise/shengpei/d2t2.cpp", "C++", 1, 0, 0, 0, 0, 0, 0, 0, 0, 0, 0, 0, 1
"/home/lagranzhai/ojexercise/shengpei/d2t3std.cpp", "C++", 133, 0, 0, 0, 0, 0, 0, 0, 0, 0, 3, 1, 137
"/home/lagranzhai/ojexercise/shengpei/d3/t3 (1).cpp", "C++", 98, 0, 0, 0, 0, 0, 0, 0, 0, 0, 23, 1, 122
"/home/lagranzhai/ojexercise/shengpei/d3/t3 (2).cpp", "C++", 18, 0, 0, 0, 0, 0, 0, 0, 0, 0, 1, 1, 20
"/home/lagranzhai/ojexercise/shengpei/d3/t3 (3).cpp", "C++", 54, 0, 0, 0, 0, 0, 0, 0, 0, 0, 0, 1, 55
"/home/lagranzhai/ojexercise/shengpei/d3/t3 (4).cpp", "C++", 60, 0, 0, 0, 0, 0, 0, 0, 0, 0, 8, 1, 69
"/home/lagranzhai/ojexercise/shengpei/d3/t3 (5).cpp", "C++", 60, 0, 0, 0, 0, 0, 0, 0, 0, 0, 9, 1, 70
"/home/lagranzhai/ojexercise/shengpei/d3/t3 (6).cpp", "C++", 59, 0, 0, 0, 0, 0, 0, 0, 0, 0, 1, 1, 61
"/home/lagranzhai/ojexercise/shengpei/d3/t3 (7).cpp", "C++", 27, 0, 0, 0, 0, 0, 0, 0, 0, 0, 26, 3, 56
"/home/lagranzhai/ojexercise/shengpei/new/d1/t1.cpp", "C++", 47, 0, 0, 0, 0, 0, 0, 0, 0, 0, 0, 0, 47
"/home/lagranzhai/ojexercise/shengpei/new/d1/t2.cpp", "C++", 62, 0, 0, 0, 0, 0, 0, 0, 0, 0, 8, 1, 71
"/home/lagranzhai/ojexercise/shengpei/new/d1/t2_1.cpp", "C++", 61, 0, 0, 0, 0, 0, 0, 0, 0, 0, 8, 1, 70
"/home/lagranzhai/ojexercise/shengpei/new/d1/t3.cpp", "C++", 48, 0, 0, 0, 0, 0, 0, 0, 0, 0, 0, 0, 48
"/home/lagranzhai/ojexercise/shengpei/new/d1/t4.cpp", "C++", 78, 0, 0, 0, 0, 0, 0, 0, 0, 0, 0, 0, 78
"/home/lagranzhai/ojexercise/shengpei/new/d2/t1.cpp", "C++", 21, 0, 0, 0, 0, 0, 0, 0, 0, 0, 0, 1, 22
"/home/lagranzhai/ojexercise/shengpei/new/d2/t2.cpp", "C++", 32, 0, 0, 0, 0, 0, 0, 0, 0, 0, 0, 0, 32
"/home/lagranzhai/ojexercise/shengpei/new/d2/t3.cpp", "C++", 175, 0, 0, 0, 0, 0, 0, 0, 0, 0, 14, 0, 189
"/home/lagranzhai/ojexercise/shengpei/new/d2/t31.cpp", "C++", 137, 0, 0, 0, 0, 0, 0, 0, 0, 0, 1, 1, 139
"/home/lagranzhai/ojexercise/shengpei/new/d3/t1.cpp", "C++", 101, 0, 0, 0, 0, 0, 0, 0, 0, 0, 5, 1, 107
"/home/lagranzhai/ojexercise/shengpei/new/d3/t2.cpp", "C++", 58, 0, 0, 0, 0, 0, 0, 0, 0, 0, 0, 1, 59
"/home/lagranzhai/ojexercise/shengpei/new/d4/t1.cpp", "C++", 50, 0, 0, 0, 0, 0, 0, 0, 0, 0, 3, 0, 53
"/home/lagranzhai/ojexercise/shengpei/new/d4/t3.cpp", "C++", 57, 0, 0, 0, 0, 0, 0, 0, 0, 0, 2, 0, 59
"/home/lagranzhai/ojexercise/shengpei/new/d4/t4.cpp", "C++", 55, 0, 0, 0, 0, 0, 0, 0, 0, 0, 2, 0, 57
"/home/lagranzhai/ojexercise/shengpei/new/d5/t3.cpp", "C++", 82, 0, 0, 0, 0, 0, 0, 0, 0, 0, 9, 1, 92
"/home/lagranzhai/ojexercise/shengpei/new/d5/t4.cpp", "C++", 40, 0, 0, 0, 0, 0, 0, 0, 0, 0, 1, 0, 41
"/home/lagranzhai/ojexercise/shengpei/new/d5/t4test.cpp", "C++", 48, 0, 0, 0, 0, 0, 0, 0, 0, 0, 1, 0, 49
"/home/lagranzhai/ojexercise/shengpei/new/d5/tempCodeRunnerFile.cpp", "C++", 4, 0, 0, 0, 0, 0, 0, 0, 0, 0, 0, 0, 4
"/home/lagranzhai/ojexercise/shengpei/t1.cpp", "C++", 76, 0, 0, 0, 0, 0, 0, 0, 0, 0, 0, 3, 79
"/home/lagranzhai/ojexercise/shengpei/t2.cpp", "C++", 81, 0, 0, 0, 0, 0, 0, 0, 0, 0, 17, 1, 99
"/home/lagranzhai/ojexercise/shengpei/t2std.cpp", "C++", 59, 0, 0, 0, 0, 0, 0, 0, 0, 0, 0, 1, 60
"/home/lagranzhai/ojexercise/stairs.cpp", "C++", 110, 0, 0, 0, 0, 0, 0, 0, 0, 0, 2, 0, 112
"/home/lagranzhai/ojexercise/t1.cpp", "C++", 28, 0, 0, 0, 0, 0, 0, 0, 0, 0, 5, 0, 33
"/home/lagranzhai/ojexercise/t4.cpp", "C++", 34, 0, 0, 0, 0, 0, 0, 0, 0, 0, 0, 0, 34
"/home/lagranzhai/ojexercise/template/acam/acam.cpp", "C++", 59, 0, 0, 0, 0, 0, 0, 0, 0, 0, 2, 1, 62
"/home/lagranzhai/ojexercise/template/acam/acam1.cpp", "C++", 94, 0, 0, 0, 0, 0, 0, 0, 0, 0, 2, 1, 97
"/home/lagranzhai/ojexercise/template/acam/acam2.cpp", "C++", 72, 0, 0, 0, 0, 0, 0, 0, 0, 0, 2, 1, 75
"/home/lagranzhai/ojexercise/template/bs.cpp", "C++", 33, 0, 0, 0, 0, 0, 0, 0, 0, 0, 0, 1, 34
"/home/lagranzhai/ojexercise/template/cpp_primer_read.md", "Markdown", 0, 0, 0, 0, 0, 3, 0, 0, 0, 0, 0, 2, 5
"/home/lagranzhai/ojexercise/template/dp/01pack.cpp", "C++", 13, 0, 0, 0, 0, 0, 0, 0, 0, 0, 2, 4, 19
"/home/lagranzhai/ojexercise/template/dp/completepack.cpp", "C++", 13, 0, 0, 0, 0, 0, 0, 0, 0, 0, 2, 4, 19
"/home/lagranzhai/ojexercise/template/dp/multipack.cpp", "C++", 20, 0, 0, 0, 0, 0, 0, 0, 0, 0, 2, 6, 28
"/home/lagranzhai/ojexercise/template/ds/binary_indexed_tree.cpp", "C++", 25, 0, 0, 0, 0, 0, 0, 0, 0, 0, 2, 7, 34
"/home/lagranzhai/ojexercise/template/ds/hjytree.cpp", "C++", 49, 0, 0, 0, 0, 0, 0, 0, 0, 0, 3, 1, 53
"/home/lagranzhai/ojexercise/template/ds/lct.cpp", "C++", 118, 0, 0, 0, 0, 0, 0, 0, 0, 0, 0, 0, 118
"/home/lagranzhai/ojexercise/template/ds/segmenttree_sum.cpp", "C++", 104, 0, 0, 0, 0, 0, 0, 0, 0, 0, 9, 1, 114
"/home/lagranzhai/ojexercise/template/ds/splay.cpp", "C++", 147, 0, 0, 0, 0, 0, 0, 0, 0, 0, 3, 9, 159
"/home/lagranzhai/ojexercise/template/ds/splayfunc.cpp", "C++", 159, 0, 0, 0, 0, 0, 0, 0, 0, 0, 0, 1, 160
"/home/lagranzhai/ojexercise/template/ds/tcd.cpp", "C++", 216, 0, 0, 0, 0, 0, 0, 0, 0, 0, 3, 3, 222
"/home/lagranzhai/ojexercise/template/ds/union_find.cpp", "C++", 18, 0, 0, 0, 0, 0, 0, 0, 0, 0, 2, 4, 24
"/home/lagranzhai/ojexercise/template/ds/未命名3.cpp", "C++", 19, 0, 0, 0, 0, 0, 0, 0, 0, 0, 0, 1, 20
"/home/lagranzhai/ojexercise/template/exgcd.cpp", "C++", 33, 0, 0, 0, 0, 0, 0, 0, 0, 0, 0, 0, 33
"/home/lagranzhai/ojexercise/template/frfw/frfw.cpp", "C++", 21, 0, 0, 0, 0, 0, 0, 0, 0, 0, 0, 2, 23
"/home/lagranzhai/ojexercise/template/frfw/output_test.cpp", "C++", 54, 0, 0, 0, 0, 0, 0, 0, 0, 0, 0, 9, 63
"/home/lagranzhai/ojexercise/template/frfw/test.cpp", "C++", 156, 0, 0, 0, 0, 0, 0, 0, 0, 0, 0, 1, 157
"/home/lagranzhai/ojexercise/template/graph/dijkstra.cpp", "C++", 42, 0, 0, 0, 0, 0, 0, 0, 0, 0, 5, 10, 57
"/home/lagranzhai/ojexercise/template/graph/dinic.cpp", "C++", 73, 0, 0, 0, 0, 0, 0, 0, 0, 0, 1, 0, 74
"/home/lagranzhai/ojexercise/template/graph/edcc.cpp", "C++", 66, 0, 0, 0, 0, 0, 0, 0, 0, 0, 4, 0, 70
"/home/lagranzhai/ojexercise/template/graph/floyd.cpp", "C++", 7, 0, 0, 0, 0, 0, 0, 0, 0, 0, 0, 1, 8
"/home/lagranzhai/ojexercise/template/graph/kruskal_mst.cpp", "C++", 39, 0, 0, 0, 0, 0, 0, 0, 0, 0, 2, 9, 50
"/home/lagranzhai/ojexercise/template/graph/lca.cpp", "C++", 63, 0, 0, 0, 0, 0, 0, 0, 0, 0, 1, 0, 64
"/home/lagranzhai/ojexercise/template/graph/negative_cycle.cpp", "C++", 54, 0, 0, 0, 0, 0, 0, 0, 0, 0, 2, 10, 66
"/home/lagranzhai/ojexercise/template/graph/scc.cpp", "C++", 109, 0, 0, 0, 0, 0, 0, 0, 0, 0, 1, 0, 110
"/home/lagranzhai/ojexercise/template/graph/spfa.cpp", "C++", 38, 0, 0, 0, 0, 0, 0, 0, 0, 0, 3, 10, 51
"/home/lagranzhai/ojexercise/template/graph/vdcc.cpp", "C++", 68, 0, 0, 0, 0, 0, 0, 0, 0, 0, 1, 0, 69
"/home/lagranzhai/ojexercise/template/math/gauss.cpp", "C++", 72, 0, 0, 0, 0, 0, 0, 0, 0, 0, 9, 3, 84
"/home/lagranzhai/ojexercise/template/math/inverse.cpp", "C++", 26, 0, 0, 0, 0, 0, 0, 0, 0, 0, 1, 0, 27
"/home/lagranzhai/ojexercise/template/math/inverse2.cpp", "C++", 34, 0, 0, 0, 0, 0, 0, 0, 0, 0, 1, 0, 35
"/home/lagranzhai/ojexercise/template/math/lucas.cpp", "C++", 44, 0, 0, 0, 0, 0, 0, 0, 0, 0, 4, 1, 49
"/home/lagranzhai/ojexercise/template/math/phi.cpp", "C++", 41, 0, 0, 0, 0, 0, 0, 0, 0, 0, 3, 0, 44
"/home/lagranzhai/ojexercise/template/problems.md", "Markdown", 0, 0, 0, 0, 0, 14, 0, 0, 0, 0, 0, 4, 18
"/home/lagranzhai/ojexercise/template/string/kmp.cpp", "C++", 36, 0, 0, 0, 0, 0, 0, 0, 0, 0, 1, 1, 38
"/home/lagranzhai/ojexercise/template/string/manacher.cpp", "C++", 45, 0, 0, 0, 0, 0, 0, 0, 0, 0, 1, 1, 47
"/home/lagranzhai/ojexercise/template/string/sa.cpp", "C++", 63, 0, 0, 0, 0, 0, 0, 0, 0, 0, 2, 1, 66
"/home/lagranzhai/ojexercise/template/string/trie.cpp", "C++", 71, 0, 0, 0, 0, 0, 0, 0, 0, 0, 5, 1, 77
"/home/lagranzhai/ojexercise/template/string/z_algorithm.cpp", "C++", 42, 0, 0, 0, 0, 0, 0, 0, 0, 0, 0, 1, 43
"/home/lagranzhai/ojexercise/template/未命名1.cpp", "C++", 5, 0, 0, 0, 0, 0, 0, 0, 0, 0, 0, 1, 6
"/home/lagranzhai/ojexercise/test.cpp", "C++", 8, 0, 0, 0, 0, 0, 0, 0, 0, 0, 0, 0, 8
"/home/lagranzhai/ojexercise/testconst.cpp", "C++", 27, 0, 0, 0, 0, 0, 0, 0, 0, 0, 9, 0, 36
"/home/lagranzhai/ojexercise/thupc2024/c.cpp", "C++", 11, 0, 0, 0, 0, 0, 0, 0, 0, 0, 1, 0, 12
"/home/lagranzhai/ojexercise/thupc2024/k.cpp", "C++", 67, 0, 0, 0, 0, 0, 0, 0, 0, 0, 10, 0, 77
"/home/lagranzhai/ojexercise/thupc2024/login.py", "Python", 0, 24, 0, 0, 0, 0, 0, 0, 0, 0, 0, 2, 26
"/home/lagranzhai/ojexercise/vector.cpp", "C++", 16, 0, 0, 0, 0, 0, 0, 0, 0, 0, 0, 0, 16
"/home/lagranzhai/ojexercise/xinyoudui/A.cpp", "C++", 51, 0, 0, 0, 0, 0, 0, 0, 0, 0, 2, 0, 53
"/home/lagranzhai/ojexercise/xinyoudui/B.cpp", "C++", 32, 0, 0, 0, 0, 0, 0, 0, 0, 0, 3, 0, 35
"/home/lagranzhai/ojexercise/xinyoudui/C.cpp", "C++", 48, 0, 0, 0, 0, 0, 0, 0, 0, 0, 1, 0, 49
"/home/lagranzhai/ojexercise/xinyoudui/E.cpp", "C++", 146, 0, 0, 0, 0, 0, 0, 0, 0, 0, 0, 0, 146
"/home/lagranzhai/ojexercise/xinyoudui/F.cpp", "C++", 189, 0, 0, 0, 0, 0, 0, 0, 0, 0, 2, 1, 192
"/home/lagranzhai/ojexercise/xinyoudui/d1/A.cpp", "C++", 27, 0, 0, 0, 0, 0, 0, 0, 0, 0, 1, 0, 28
"/home/lagranzhai/ojexercise/xinyoudui/d1/B.cpp", "C++", 23, 0, 0, 0, 0, 0, 0, 0, 0, 0, 1, 0, 24
"/home/lagranzhai/ojexercise/xinyoudui/d1/C.cpp", "C++", 74, 0, 0, 0, 0, 0, 0, 0, 0, 0, 1, 0, 75
"/home/lagranzhai/ojexercise/xinyoudui/d1/D.cpp", "C++", 59, 0, 0, 0, 0, 0, 0, 0, 0, 0, 1, 0, 60
"/home/lagranzhai/ojexercise/xinyoudui/d10/B.cpp", "C++", 41, 0, 0, 0, 0, 0, 0, 0, 0, 0, 0, 1, 42
"/home/lagranzhai/ojexercise/xinyoudui/d10/C.cpp", "C++", 0, 0, 0, 0, 0, 0, 0, 0, 0, 0, 0, 1, 1
"/home/lagranzhai/ojexercise/xinyoudui/d10/D.cpp", "C++", 54, 0, 0, 0, 0, 0, 0, 0, 0, 0, 3, 1, 58
"/home/lagranzhai/ojexercise/xinyoudui/d10/tempCodeRunnerFile.cpp", "C++", 3, 0, 0, 0, 0, 0, 0, 0, 0, 0, 0, 0, 3
"/home/lagranzhai/ojexercise/xinyoudui/d11/A.cpp", "C++", 74, 0, 0, 0, 0, 0, 0, 0, 0, 0, 1, 0, 75
"/home/lagranzhai/ojexercise/xinyoudui/d11/B.cpp", "C++", 135, 0, 0, 0, 0, 0, 0, 0, 0, 0, 1, 0, 136
"/home/lagranzhai/ojexercise/xinyoudui/d12/A.cpp", "C++", 73, 0, 0, 0, 0, 0, 0, 0, 0, 0, 1, 0, 74
"/home/lagranzhai/ojexercise/xinyoudui/d2/A.cpp", "C++", 27, 0, 0, 0, 0, 0, 0, 0, 0, 0, 1, 0, 28
"/home/lagranzhai/ojexercise/xinyoudui/d2/B.cpp", "C++", 25, 0, 0, 0, 0, 0, 0, 0, 0, 0, 2, 0, 27
"/home/lagranzhai/ojexercise/xinyoudui/d2/C.cpp", "C++", 37, 0, 0, 0, 0, 0, 0, 0, 0, 0, 1, 0, 38
"/home/lagranzhai/ojexercise/xinyoudui/d3/A.cpp", "C++", 62, 0, 0, 0, 0, 0, 0, 0, 0, 0, 2, 0, 64
"/home/lagranzhai/ojexercise/xinyoudui/d3/B.cpp", "C++", 64, 0, 0, 0, 0, 0, 0, 0, 0, 0, 1, 0, 65
"/home/lagranzhai/ojexercise/xinyoudui/d3/C.cpp", "C++", 145, 0, 0, 0, 0, 0, 0, 0, 0, 0, 1, 0, 146
"/home/lagranzhai/ojexercise/xinyoudui/d4/A.cpp", "C++", 73, 0, 0, 0, 0, 0, 0, 0, 0, 0, 8, 1, 82
"/home/lagranzhai/ojexercise/xinyoudui/d4/B.cpp", "C++", 48, 0, 0, 0, 0, 0, 0, 0, 0, 0, 2, 0, 50
"/home/lagranzhai/ojexercise/xinyoudui/d4/C.cpp", "C++", 40, 0, 0, 0, 0, 0, 0, 0, 0, 0, 2, 0, 42
"/home/lagranzhai/ojexercise/xinyoudui/d5/A.cpp", "C++", 47, 0, 0, 0, 0, 0, 0, 0, 0, 0, 2, 0, 49
"/home/lagranzhai/ojexercise/xinyoudui/d5/B.cpp", "C++", 146, 0, 0, 0, 0, 0, 0, 0, 0, 0, 2, 0, 148
"/home/lagranzhai/ojexercise/xinyoudui/d5/C.cpp", "C++", 52, 0, 0, 0, 0, 0, 0, 0, 0, 0, 2, 1, 55
"/home/lagranzhai/ojexercise/xinyoudui/d5/D.cpp", "C++", 146, 0, 0, 0, 0, 0, 0, 0, 0, 0, 1, 0, 147
"/home/lagranzhai/ojexercise/xinyoudui/d6/A.cpp", "C++", 92, 0, 0, 0, 0, 0, 0, 0, 0, 0, 12, 0, 104
"/home/lagranzhai/ojexercise/xinyoudui/d6/B.cpp", "C++", 47, 0, 0, 0, 0, 0, 0, 0, 0, 0, 1, 0, 48
"/home/lagranzhai/ojexercise/xinyoudui/d6/C.cpp", "C++", 58, 0, 0, 0, 0, 0, 0, 0, 0, 0, 4, 0, 62
"/home/lagranzhai/ojexercise/xinyoudui/d6/D.cpp", "C++", 36, 0, 0, 0, 0, 0, 0, 0, 0, 0, 1, 0, 37
"/home/lagranzhai/ojexercise/xinyoudui/d7/A.cpp", "C++", 81, 0, 0, 0, 0, 0, 0, 0, 0, 0, 1, 0, 82
"/home/lagranzhai/ojexercise/xinyoudui/d7/B.cpp", "C++", 68, 0, 0, 0, 0, 0, 0, 0, 0, 0, 6, 0, 74
"/home/lagranzhai/ojexercise/xinyoudui/d7/C.cpp", "C++", 56, 0, 0, 0, 0, 0, 0, 0, 0, 0, 4, 1, 61
"/home/lagranzhai/ojexercise/xinyoudui/d7/D.cpp", "C++", 53, 0, 0, 0, 0, 0, 0, 0, 0, 0, 1, 0, 54
"/home/lagranzhai/ojexercise/xinyoudui/d7/E.cpp", "C++", 63, 0, 0, 0, 0, 0, 0, 0, 0, 0, 4, 0, 67
"/home/lagranzhai/ojexercise/xinyoudui/d7/tempCodeRunnerFile.cpp", "C++", 62, 0, 0, 0, 0, 0, 0, 0, 0, 0, 1, 0, 63
"/home/lagranzhai/ojexercise/xinyoudui/d8/A.cpp", "C++", 83, 0, 0, 0, 0, 0, 0, 0, 0, 0, 1, 0, 84
"/home/lagranzhai/ojexercise/xinyoudui/d8/B.cpp", "C++", 115, 0, 0, 0, 0, 0, 0, 0, 0, 0, 2, 0, 117
"/home/lagranzhai/ojexercise/xinyoudui/d8/C.cpp", "C++", 118, 0, 0, 0, 0, 0, 0, 0, 0, 0, 1, 0, 119
"/home/lagranzhai/ojexercise/xinyoudui/d8/D.cpp", "C++", 55, 0, 0, 0, 0, 0, 0, 0, 0, 0, 1, 0, 56
"/home/lagranzhai/ojexercise/xinyoudui/d9/B.cpp", "C++", 97, 0, 0, 0, 0, 0, 0, 0, 0, 0, 32, 0, 129
"/home/lagranzhai/ojexercise/xinyoudui/d9/Bstd.cpp", "C++", 61, 0, 0, 0, 0, 0, 0, 0, 0, 0, 1, 1, 63
"/home/lagranzhai/ojexercise/xinyoudui/d9/gen.cpp", "C++", 25, 0, 0, 0, 0, 0, 0, 0, 0, 0, 2, 0, 27
"/home/lagranzhai/ojexercise/xinyoudui/d9/tempCodeRunnerFile.cpp", "C++", 23, 0, 0, 0, 0, 0, 0, 0, 0, 0, 1, 0, 24
"/home/lagranzhai/ojexercise/ydrg/005/A.cpp", "C++", 35, 0, 0, 0, 0, 0, 0, 0, 0, 0, 1, 0, 36
"/home/lagranzhai/ojexercise/未命名2.cpp", "C++", 84, 0, 0, 0, 0, 0, 0, 0, 0, 0, 15, 1, 100
"/home/lagranzhai/ojexercise/未命名3.cpp", "C++", 2, 0, 0, 0, 0, 0, 0, 0, 0, 0, 0, 1, 3
"Total", "-", 44143, 125, 10, 556, 946, 179, 46, 5, 89, 22, 2575, 2525, 51221